idx,line,raw_lightgbc_prediction,raw_lightgbc_confidence,raw_log_prediction,raw_log_confidence,+pts_linsvc_prediction,+pts_linsvc_confidence,+pts_lightgbc_prediction,+pts_lightgbc_confidence,+pts_knn_prediction,+pts_knn_confidence,+pts_log_prediction,+pts_log_confidence
2017-11-10Alabama,1,0,0.5100825673691423,0,0.5026116248011825,1,0.6084723971735496,1,0.520756887791608,0,0.5303030303030303,1,0.5360210707667149
2017-11-10Arizona,0,0,0.5089597121021111,0,0.5091666699556472,1,0.5860692549269637,1,0.5532053395384043,0,0.5252525252525253,0,0.5295957667224758
2017-11-10Ark_Pine_Bl,1,0,0.5169944505916721,1,0.5240374719778803,1,0.6006306045432862,1,0.5410174517990308,1,0.5353535353535354,1,0.6517932106763695
2017-11-10Arkansas,1,0,0.5082599769896092,0,0.5202148262202511,1,0.5717104609780005,1,0.5471500689479166,1,0.5151515151515151,0,0.6305247815474071
2017-11-10Arkansas_St,0,0,0.5131306383767584,1,0.5068569021240747,1,0.6076138884719607,1,0.5408664657121476,0,0.5151515151515151,1,0.5553891539335725
2017-11-10Austin_Peay,1,0,0.5127322595262092,0,0.516812760133603,1,0.5858474631871841,1,0.5646554874771226,0,0.51010101010101,0,0.6287910225357853
2017-11-10Ball_State,1,0,0.5081843774957482,0,0.5021800774386715,1,0.6067049129317694,0,0.512625412627286,0,0.5303030303030303,1,0.52710145600502
2017-11-10Belmont,0,0,0.5150023357106788,1,0.5029429559410216,1,0.5988104246856994,1,0.5204404255322196,1,0.5505050505050505,1,0.5400486824631097
2017-11-10Bowling_Grn,1,0,0.5173559461525568,1,0.519392530528649,1,0.6146283750103427,0,0.5554694365637813,0,0.5151515151515151,1,0.6550879771029852
2017-11-11Akron,1,0,0.5106284785985467,1,0.5094082865275357,1,0.6073772305766397,1,0.5507647028015207,0,0.6111111111111112,1,0.5290505807919967
2017-11-11Bradley,1,0,0.5105920821260523,0,0.5113235993117697,1,0.6109936661061279,1,0.5777036541160487,1,0.51010101010101,0,0.5263976881650365
2017-11-11Buffalo,0,0,0.5079109260479535,0,0.5082374792746835,1,0.5906281209817957,0,0.5026201894622262,0,0.5252525252525253,0,0.5256186692215088
2017-11-12Air_Force,1,0,0.5154611885140384,1,0.5139027531082726,1,0.6179649990747462,1,0.5511634835626399,1,0.5252525252525253,1,0.5338128167644316
2017-11-12Arizona,0,1,0.5002471903444462,0,0.5035112616757642,1,0.5661303533716746,1,0.5147598681273752,1,0.5555555555555556,0,0.521304498863813
2017-11-12Ark_Pine_Bl,0,0,0.5168919401426911,1,0.5048014221868016,1,0.6001231732716095,1,0.5375666405605733,1,0.5454545454545454,0,0.5014132945315233
2017-11-12Arkansas,1,1,0.505962965441934,0,0.5215409167704091,1,0.5761708649296444,1,0.5271405616081293,1,0.5353535353535354,0,0.650923992158384
2017-11-12Boise_State,0,0,0.5104504505252998,1,0.5140258159682959,1,0.5899244605095484,0,0.5239153954836074,1,0.5454545454545454,1,0.5285228367103632
2017-11-12Bucknell,0,0,0.5164831862191628,0,0.5215181588315928,1,0.5846755012148087,1,0.5068359362959669,0,0.6060606060606061,0,0.5676965334034703
2017-11-13Ark_Pine_Bl,1,0,0.5171193135939733,1,0.5213107748070953,1,0.6449726459930814,0,0.5448685188761555,1,0.5757575757575758,1,0.6202692829820412
2017-11-13Austin_Peay,0,0,0.5129410659278051,0,0.5181394915951514,1,0.6103025280247529,1,0.5894403444796127,0,0.5252525252525253,0,0.6425613664506113
2017-11-13Belmont,1,0,0.5192925708588327,1,0.510756565149143,1,0.6079929736398422,1,0.5459541506475832,1,0.5050505050505051,1,0.5402874434178291
2017-11-13Bowling_Grn,0,0,0.5098813249087008,1,0.5093709831669719,1,0.6097548323411377,0,0.5412494179555363,0,0.5050505050505051,1,0.5427720692630034
2017-11-13Brown,1,0,0.5030904114346539,1,0.5088054960260735,1,0.5963521866247689,0,0.5384248248952251,1,0.5757575757575758,1,0.5534833507269035
2017-11-14AR_Lit_Rock,1,0,0.5109015068134617,1,0.5147297454693245,1,0.6178826564726776,1,0.5498787307210713,1,0.5757575757575758,1,0.5968059392382189
2017-11-14Air_Force,1,0,0.5131178654715292,1,0.5004047471111531,1,0.5917744916892955,1,0.5667473928000902,0,0.5050505050505051,0,0.5459019148510282
2017-11-14Alabama,1,0,0.5012317408636553,0,0.5186188888814809,1,0.5856109236250641,0,0.5070796508576618,0,0.5505050505050505,0,0.5992021974800426
2017-11-14Arizona_St,1,0,0.5108457686482899,0,0.5022187355708345,1,0.5911471738134708,1,0.5424370050250862,0,0.5555555555555556,0,0.5213186789226079
2017-11-15Ball_State,0,0,0.5051126005197755,0,0.5185227823691823,1,0.5848909351094622,1,0.5006377846112527,0,0.5757575757575758,0,0.6082344227767876
2017-11-15Buffalo,1,0,0.5144215931056487,0,0.5036350458104787,1,0.593664104415471,1,0.5731846766766363,1,0.5555555555555556,0,0.5127038370212895
2017-11-16App_State,1,0,0.5122779748641101,1,0.509465531494536,1,0.6169040345612514,0,0.5484471870298986,0,0.5303030303030303,1,0.5709343625345674
2017-11-16Arizona,1,0,0.5077594739621625,0,0.5021829522972416,1,0.5833218328298215,0,0.5026646568411202,1,0.5151515151515151,1,0.5228392060302818
2017-11-16Arkansas_St,0,0,0.5130717750707172,1,0.5081568365786469,1,0.6085986627835114,1,0.5232802830009244,1,0.5505050505050505,1,0.5675939670552475
2017-11-16Auburn,1,0,0.5090360266059952,1,0.5054816656294826,1,0.588430688217872,1,0.5109207442439979,1,0.5555555555555556,1,0.5184682123211785
2017-11-16Belmont,1,0,0.513632485640231,1,0.5001751287388426,1,0.5963275720575413,1,0.5258617622023658,1,0.5151515151515151,0,0.5403445940269541
2017-11-16Boise_State,0,0,0.5110667484095002,1,0.5164123464492505,1,0.5996331469207925,1,0.5079900143061171,1,0.51010101010101,1,0.5789441489728192
2017-11-17Alabama_St,0,0,0.516565949265444,1,0.5005403062128372,1,0.5797519783365201,0,0.5263030226137071,1,0.5454545454545454,0,0.5223705784232258
2017-11-17App_State,0,0,0.5106058389645789,1,0.5001751287388426,1,0.5876675070837764,0,0.5070836993572746,1,0.5151515151515151,0,0.5352816877889008
2017-11-17Arizona_St,1,0,0.5093979260524216,0,0.5094483685205302,1,0.5664966553224895,1,0.5317697758497104,0,0.5050505050505051,0,0.5595593034578046
2017-11-17Arkansas,0,0,0.5060253857621304,0,0.522879412140216,1,0.5693937503448016,0,0.5055041730256972,1,0.5151515151515151,0,0.6618980483118336
2017-11-17Auburn,0,0,0.5112812243786056,0,0.5051340582400019,1,0.5760570065185169,0,0.5025007860192409,0,0.5555555555555556,0,0.5100904571663546
2017-11-17Boise_State,1,0,0.5145889939259349,1,0.5166800112971986,1,0.6104556878939753,1,0.5517060475971134,1,0.5505050505050505,1,0.5379500567794441
2017-11-17Bradley,1,0,0.5124804729761987,0,0.5375226805005029,1,0.5998412081475387,1,0.6403032651688835,0,0.5151515151515151,0,0.7154219117016887
2017-11-18Akron,1,0,0.5093561282684149,0,0.5068204989554961,1,0.5867229527759752,0,0.5064322722941292,0,0.5050505050505051,0,0.5700597996566987
2017-11-18Belmont,0,1,0.5025193538533552,0,0.5007815762176538,1,0.5814295243082531,1,0.5076844593869776,0,0.51010101010101,0,0.5730036986003041
2017-11-18Boston_Col,0,0,0.515164617681156,1,0.5240950984511942,1,0.6259084723683902,1,0.5273542433826498,1,0.5353535353535354,1,0.632219775144268
2017-11-18Bradley,0,0,0.5106774214874157,0,0.5391607706315364,1,0.5901650227261017,1,0.5254022066689853,0,0.5151515151515151,0,0.6973057167934247
2017-11-18Bucknell,1,0,0.5198272452248149,0,0.511617593237605,1,0.6058489967691189,1,0.507403011010576,1,0.5454545454545454,0,0.5139240995147816
2017-11-19App_State,1,0,0.5110684417920206,1,0.5094082865275357,1,0.6133419208126915,1,0.579502102876978,0,0.6111111111111112,1,0.5165050261260213
2017-11-19Arizona_St,1,0,0.5101543365681167,0,0.5199452658093673,1,0.5707981863577849,1,0.534294199067988,1,0.5151515151515151,0,0.6251508410734654
2017-11-19Auburn,1,0,0.5108767569822292,1,0.509465531494536,1,0.5877548532563724,0,0.533758040030567,0,0.5303030303030303,1,0.5811659518311107
2017-11-19Ball_State,0,0,0.5090684764678138,0,0.5021800774386715,1,0.6123295811367747,0,0.5478217267073539,0,0.5303030303030303,1,0.5053711670905745
2017-11-19Boise_State,0,0,0.5086835744778948,0,0.5008899260769403,1,0.5775223292838134,0,0.5159638434662914,1,0.5454545454545454,0,0.5280975328651175
2017-11-19Boston_Col,1,0,0.5148036929654873,1,0.5248581912551573,1,0.6153874875929921,1,0.6027179029288473,1,0.6262626262626263,1,0.6433205520947891
2017-11-19Bradley,1,0,0.5099510632192745,0,0.5122600352626905,1,0.6026167419761842,1,0.5285063109890344,1,0.5454545454545454,0,0.5066630504654641
2017-11-20AR_Lit_Rock,0,0,0.508764191608302,1,0.5003118544248503,1,0.6104761986806145,1,0.5013848256314569,1,0.5151515151515151,0,0.5332993795502037
2017-11-20Baylor,1,0,0.5160467323892516,1,0.5118092151709589,1,0.6156936673878244,1,0.5184227550844792,0,0.5252525252525253,1,0.562542047937686
2017-11-20Buffalo,1,0,0.5056905155951252,0,0.5125075891195114,1,0.5969290778811167,1,0.5028383879440466,1,0.5050505050505051,0,0.5531371388607769
2017-11-21Air_Force,0,0,0.5141993557216555,0,0.5081485555687305,1,0.5858995601701267,1,0.5622058663162512,1,0.5303030303030303,0,0.6025463509120894
2017-11-21Alab_A&M,0,0,0.5039537373911382,0,0.5058146822103886,1,0.5912995859075012,0,0.5202765292769035,1,0.5050505050505051,1,0.5124020847807855
2017-11-21Alabama,0,0,0.5105848529005986,0,0.5202051037261839,1,0.5904079939907345,1,0.5834081495606982,1,0.5151515151515151,0,0.6382143083252977
2017-11-21Baylor,1,0,0.5135649665985645,1,0.5005467761583078,1,0.5924479406481455,0,0.5409037621910651,0,0.5050505050505051,0,0.515878233970961
2017-11-21Buffalo,1,0,0.5105848529005986,0,0.513533502214404,1,0.5833276655344757,1,0.5060753089512358,0,0.5353535353535354,0,0.6044657275571284
2017-11-22App_State,0,0,0.5105469417624066,1,0.5003118544248503,1,0.5947164443864885,0,0.5109302502286209,1,0.5151515151515151,0,0.5131537108187285
2017-11-22Arizona,0,0,0.5110883550896179,0,0.5123458311273799,1,0.5548464609442905,1,0.5164863001775188,0,0.5050505050505051,0,0.580056934639964
2017-11-22Arkansas_St,0,0,0.5135290245526354,1,0.5141161232416464,1,0.6141225672166272,1,0.597904774147895,0,0.5050505050505051,1,0.5755772434249202
2017-11-22Belmont,1,0,0.5150053386519846,1,0.5094581979802181,1,0.5861889659953154,0,0.5228379400307477,0,0.5303030303030303,1,0.5391968649594816
2017-11-22Binghamton,1,0,0.5169042221870634,1,0.5034747755963555,1,0.6140483329391069,1,0.6432766698608474,1,0.5555555555555556,1,0.5022629495898521
2017-11-22Buffalo,0,0,0.5115407237512064,0,0.514957269417043,1,0.5782598878129493,0,0.5318618800781383,0,0.5454545454545454,0,0.6103933881947432
2017-11-23Arizona,0,0,0.512941594713042,0,0.5024790612067402,1,0.5803181818449479,1,0.5982629575096198,0,0.5555555555555556,0,0.5198272499651624
2017-11-23Arizona_St,1,0,0.5093571392006538,0,0.5215311964327775,1,0.5682289324244907,1,0.5378217850070016,1,0.5353535353535354,0,0.6633789757291211
2017-11-23Arkansas,1,0,0.5069194687563067,0,0.5077875258160158,1,0.5804383107489425,0,0.5248043431254231,0,0.5303030303030303,0,0.5211770604344854
2017-11-24Alab_A&M,0,0,0.5093154106627824,1,0.50358592183882,1,0.6159989359496303,1,0.5075930108875636,1,0.5505050505050505,1,0.5410452098001328
2017-11-24Alabama,1,0,0.5082178584260095,0,0.5074991512298568,1,0.5998868124582208,1,0.5816731991295371,0,0.5252525252525253,0,0.5520026719157269
2017-11-24Arizona,0,0,0.516407253084245,1,0.5066383637892277,1,0.5804076450439939,1,0.5280767263521503,0,0.5656565656565656,1,0.5303694329748226
2017-11-24Arizona_St,1,0,0.5110354609720404,0,0.5228569334252444,1,0.5602115725450538,1,0.5039461879782396,1,0.5151515151515151,0,0.6753170174215786
2017-11-24Ark_Pine_Bl,1,0,0.5188045920922841,1,0.5048014221868016,1,0.5905315460791768,0,0.5141644754050729,1,0.5454545454545454,1,0.5107147326773094
2017-11-24Arkansas,0,0,0.5081952753231317,0,0.5189012740883023,1,0.5746860116157343,1,0.6023658731818553,0,0.5505050505050505,0,0.6295756175323767
2017-11-24Arkansas_St,0,0,0.5117836006215601,1,0.5198602065528671,1,0.612493481782886,1,0.6029805170732158,0,0.5050505050505051,1,0.6327708834718677
2017-11-24Auburn,1,1,0.5061708513493325,0,0.5068204989554961,1,0.5741774308952576,1,0.5247926010148763,0,0.5050505050505051,0,0.5508932730905356
2017-11-25Akron,0,0,0.5078820785497263,0,0.5125914803063444,1,0.5962804741350648,1,0.5509670845222981,0,0.5909090909090909,0,0.5620369387366759
2017-11-25Alab_A&M,0,0,0.5097095900854014,1,0.5046409920511776,1,0.5836492650163303,1,0.5088306258560387,0,0.51010101010101,1,0.5671687181072211
2017-11-25Alabama,0,0,0.5091081226525876,0,0.5194181452649145,1,0.6006154003642181,0,0.515925969791087,0,0.5757575757575758,0,0.5771727652527499
2017-11-25App_State,1,0,0.5116878874900566,1,0.5141391899350727,1,0.596452728351728,1,0.5847545867818735,1,0.5252525252525253,1,0.5434374757391863
2017-11-25Ark_Pine_Bl,0,0,0.5177063792563308,1,0.5035140743244874,1,0.6108182101224618,0,0.514869352143665,0,0.5505050505050505,1,0.5354367992400698
2017-11-25Ball_State,1,0,0.5110761445148049,1,0.5068822052518427,1,0.6061494836813666,1,0.5578872172572537,0,0.51010101010101,1,0.5679856329022996
2017-11-25Boise_State,1,0,0.5114115600218039,1,0.5141354601722063,1,0.6122016271471743,1,0.506860425493188,1,0.5252525252525253,1,0.5356759377743685
2017-11-25Boston_Col,0,0,0.5116361224810486,1,0.5018373505830919,1,0.5823167594278793,1,0.5024021784202529,0,0.5454545454545454,0,0.566483285562948
2017-11-25Bradley,1,0,0.5104112657322425,0,0.517467172307333,1,0.6117590159280527,1,0.5841621030063113,0,0.5202020202020202,0,0.5561182283925054
2017-11-26Air_Force,1,0,0.5130550445214157,1,0.5094581979802181,1,0.6188850206138866,0,0.501226507503808,0,0.5303030303030303,1,0.5637420004861863
2017-11-26Arkansas,1,0,0.5105292174937034,0,0.5077937517088533,1,0.5795582860560133,1,0.5068369283587815,0,0.5303030303030303,0,0.5325491548103607
2017-11-26Austin_Peay,1,0,0.5097168992593433,0,0.5048395233035502,1,0.6054606808456271,0,0.5256807507921131,0,0.5555555555555556,0,0.5205716639391442
2017-11-27Alabama_St,1,0,0.5180853996948831,1,0.5147297454693245,1,0.6540079984623829,0,0.5018963771142222,1,0.5757575757575758,1,0.5755069925077576
2017-11-28Akron,0,0,0.5100298774509305,1,0.5054816656294826,1,0.6066209573144992,1,0.5550604878350469,1,0.5555555555555556,1,0.5215574892310939
2017-11-28App_State,0,0,0.5113939260063345,1,0.5003118544248503,1,0.6012812821083919,0,0.5388530754035946,1,0.5151515151515151,0,0.5005072187336165
2017-11-28Baylor,0,0,0.5100731789779334,0,0.5094785506546744,1,0.5959324233065625,1,0.5164710442924652,0,0.5505050505050505,0,0.55926223957243
2017-11-28Boise_State,1,0,0.5101241198580797,1,0.5000464589211184,1,0.5995860056744208,1,0.553058483261607,0,0.5050505050505051,0,0.5444018402613631
2017-11-28Brown,0,0,0.5077734835362664,0,0.5028734808503468,1,0.5976524024234046,0,0.5087951707516885,1,0.5454545454545454,0,0.5646689582705829
2017-11-29Air_Force,0,0,0.5102026856096207,0,0.5069788896752697,1,0.5991752335811504,0,0.5229234556619053,0,0.5555555555555556,0,0.539858971589211
2017-11-29Alabama,0,0,0.5101454755737362,0,0.5024790612067402,1,0.594719465050787,1,0.5413856426651513,0,0.5555555555555556,0,0.5274990712345133
2017-11-29Arizona,1,0,0.5140280982352284,1,0.51208422640471,1,0.5851593200189188,1,0.5023755338384606,0,0.51010101010101,1,0.5923126719862317
2017-11-29Arkansas_St,0,0,0.5120602584065526,1,0.5211863227758696,1,0.6320022219707029,1,0.5847725331213571,1,0.5353535353535354,1,0.6392779909888429
2017-11-29Auburn,1,0,0.5112142947314435,0,0.51415855412141,1,0.558058507771928,0,0.5284308079292568,0,0.5909090909090909,0,0.5510267221191372
2017-11-29Austin_Peay,1,0,0.5138305918933679,0,0.5198973939156014,1,0.5908485790357354,1,0.5189524313859191,0,0.5757575757575758,0,0.6111363660396374
2017-11-29Belmont,1,0,0.5111273952057886,0,0.5081506110413346,1,0.5959728027207849,1,0.5317934040623762,0,0.5555555555555556,0,0.5804037618346682
2017-11-29Boston_Col,0,0,0.5117963598081174,1,0.5154036850436648,1,0.6034367892798554,0,0.5008315079535514,0,0.5303030303030303,1,0.578215349382952
2017-11-29Bowling_Grn,0,0,0.512653546314799,1,0.5213520562999582,1,0.6226535835611904,0,0.5467745903388002,1,0.5252525252525253,1,0.5999470635339154
2017-11-29Buffalo,1,0,0.5102123928930891,1,0.5023123055042579,1,0.5842975180222363,1,0.5459247835196597,1,0.5505050505050505,1,0.5443540947441925
2017-12-01Boise_State,1,0,0.5082729124018797,0,0.5083069317459503,1,0.586439508922465,0,0.5083605666026975,0,0.5505050505050505,0,0.5580307708989799
2017-12-01Bradley,1,0,0.5104112657322425,0,0.5187937781605598,1,0.6079846837506997,1,0.6214840177457628,1,0.5202020202020202,0,0.5739046188315324
2017-12-02AR_Lit_Rock,0,0,0.5126140467715286,1,0.5141391899350727,1,0.617586491247758,0,0.5285958892646015,1,0.5252525252525253,1,0.5762573695323717
2017-12-02Air_Force,1,0,0.5117604986948935,1,0.5052434818718208,1,0.610053989640786,1,0.5283317814076597,1,0.5505050505050505,1,0.5573246403923158
2017-12-02Akron,0,0,0.5099724117664326,1,0.5069017337863847,1,0.5963452384392968,0,0.5538679897692602,0,0.51010101010101,1,0.5948913252017488
2017-12-02App_State,1,0,0.5106436021594509,1,0.5094448618350249,1,0.5898432896942338,1,0.5393047716731963,0,0.6111111111111112,1,0.5554377176857457
2017-12-02Arizona,0,0,0.5091309518190995,1,0.5001751287388426,1,0.5633113041049428,0,0.5133675627939795,1,0.5151515151515151,1,0.5146680021723979
2017-12-02Arizona_St,1,0,0.5037612731067129,0,0.5246204864420685,1,0.5550539384694003,0,0.5529137682102268,1,0.5757575757575758,0,0.6307874493174204
2017-12-02Arkansas,0,0,0.5136404808167914,0,0.5205386348292474,1,0.5477459265649914,0,0.5313029842864221,0,0.5757575757575758,0,0.5813307656448214
2017-12-02Ball_State,1,0,0.5081289290421939,0,0.5055818985773394,1,0.5807630673043596,0,0.5117278058073402,0,0.5050505050505051,0,0.5581396458886321
2017-12-02Baylor,0,0,0.5128887204019299,1,0.5034747755963555,1,0.6144795470855985,1,0.5344068683467306,1,0.5555555555555556,0,0.501953213189777
2017-12-02Belmont,0,0,0.5095422280116588,0,0.5087515175417976,1,0.5736877142193901,1,0.5523446636902016,1,0.5303030303030303,0,0.6048584548682998
2017-12-02Buffalo,0,0,0.5107059321220966,0,0.5122060298314878,1,0.5690218562144723,0,0.5154985427063865,0,0.5050505050505051,0,0.5705426051742729
2017-12-03Alabama,0,0,0.5145296755073336,0,0.5008903941500991,1,0.610315300530281,0,0.5064857772468054,1,0.5555555555555556,1,0.5010526667848486
2017-12-03Auburn,1,0,0.5081341821861568,0,0.5215311964327775,1,0.5664501481255086,1,0.5292451916305136,1,0.5353535353535354,0,0.6193189689254777
2017-12-03Boise_State,1,0,0.5107781928350266,0,0.5094765495931816,1,0.5785468242084449,1,0.5429166854120947,0,0.51010101010101,0,0.5531645836236888
2017-12-03Bradley,0,0,0.5102692283561632,0,0.520217382465013,1,0.6196163769941327,1,0.5042736535359406,0,0.5202020202020202,0,0.583428469574782
2017-12-04App_State,0,0,0.509870898163935,0,0.5051340582400019,1,0.5801401813468537,0,0.5214289734027379,0,0.5555555555555556,0,0.522158693099909
2017-12-05Arizona,1,0,0.5135590414195996,1,0.5139027531082726,1,0.5800824976934428,0,0.5064380287690582,1,0.5252525252525253,1,0.5207203721979722
2017-12-05Arkansas,1,0,0.5072169414311805,0,0.5048395233035502,1,0.5845274385531877,1,0.5148851478264286,0,0.5555555555555556,0,0.535828003569064
2017-12-05Arkansas_St,0,0,0.5142008893622769,1,0.5284222800242263,1,0.6110772413825074,1,0.660939913517749,1,0.5202020202020202,1,0.6461658898534131
2017-12-05Ball_State,1,0,0.5088269241817892,0,0.5125914803063444,1,0.5945482534176225,1,0.5501500930005037,0,0.5909090909090909,0,0.567248932797517
2017-12-05Bowling_Grn,0,0,0.5151085223441414,1,0.5226655150027524,1,0.6209484671748275,0,0.5265250518143832,1,0.5,1,0.603050578142047
2017-12-06Akron,1,0,0.5115368504985192,1,0.518138842146451,1,0.624029506975187,0,0.5200021739232739,0,0.51010101010101,1,0.5933618242500897
2017-12-06Austin_Peay,1,0,0.5138952613330791,0,0.5212235020216638,1,0.6032805942695953,0,0.510943773648256,1,0.5454545454545454,0,0.6255654772380543
2017-12-06Brown,1,0,0.5090937966783047,1,0.5104815209391486,1,0.6034767800730811,1,0.5080947124531386,1,0.5757575757575758,1,0.5292987686804311
2017-12-06Buffalo,0,0,0.5117576794580745,0,0.5064760654787603,1,0.5801001377354963,0,0.511441038975663,0,0.5303030303030303,0,0.5286543660397851
2017-12-08Air_Force,0,0,0.5099185701987181,0,0.5069788896752697,1,0.6019851182212604,1,0.5332985424818316,0,0.5555555555555556,0,0.5381656798061003
2017-12-08Arizona_St,1,0,0.5048215337123128,0,0.5257606666234833,1,0.5627884204738461,0,0.5174745810722821,1,0.5,0,0.6598340439160797
2017-12-09Akron,1,0,0.5075648797900387,1,0.5053260987831782,1,0.59881258234387,1,0.5660566130158635,0,0.5050505050505051,0,0.5114234599332925
2017-12-09Alabama,1,0,0.5158752019594511,1,0.508210309348711,1,0.61601042539092,0,0.5034886325133181,1,0.5858585858585859,1,0.5746187691539969
2017-12-09App_State,0,0,0.511400100333959,1,0.505554058246863,1,0.6028481067109679,0,0.5395756967382292,1,0.5505050505050505,1,0.5762620778623274
2017-12-09Arizona,0,0,0.513077169617322,0,0.5018703381621397,1,0.5820175732345585,0,0.5105737940904024,1,0.5353535353535354,0,0.570347601395921
2017-12-09Ark_Pine_Bl,0,0,0.5185150662758355,1,0.515065471545978,1,0.6406371092609673,0,0.5555721156626564,0,0.5303030303030303,1,0.6088119478858651
2017-12-09Arkansas,1,0,0.5081952753231317,0,0.5188885049191865,1,0.5561491121878775,0,0.5067129910041914,0,0.5505050505050505,0,0.6484572557975617
2017-12-09Auburn,0,0,0.5088746392840156,0,0.5228569334252444,1,0.5505350863910047,1,0.5179485895573569,1,0.5151515151515151,0,0.6628927382610643
2017-12-09Ball_State,0,0,0.5121989727435265,0,0.5150006005790664,1,0.5820782268446056,0,0.5497003414831412,0,0.5454545454545454,0,0.6377199220833292
2017-12-09Boise_State,1,0,0.5084149293476135,0,0.5151408148879255,1,0.5775765364451012,1,0.5441887583717427,1,0.5252525252525253,0,0.6345708279312267
2017-12-09Boston_Col,1,0,0.5118842473231104,1,0.5154969097237736,1,0.6080846041155308,1,0.5768548025229682,1,0.51010101010101,1,0.5274944924503653
2017-12-09Bowling_Grn,0,0,0.5119840376296478,1,0.5221491007844637,1,0.625091780398144,0,0.5429675804264151,1,0.5353535353535354,1,0.6454240288806206
2017-12-10Arizona_St,1,0,0.5084379281690548,0,0.5285971751876459,1,0.5676105594528825,1,0.5259036714285397,0,0.5606060606060606,0,0.6641926662522463
2017-12-11Alab_A&M,1,0,0.5086548020750503,1,0.5059692491897699,1,0.6282035457119414,1,0.5605416937461711,1,0.5858585858585859,1,0.5633786455803756
2017-12-11Bryant,0,0,0.507135171913812,1,0.5199598900477203,1,0.6363883157997945,1,0.5793933863727085,1,0.5303030303030303,1,0.5958704878649855
2017-12-12Albany,0,0,0.5140799371568382,1,0.5042004706953502,1,0.5970374257252372,0,0.5115804127500168,0,0.5303030303030303,1,0.5572211006869237
2017-12-12Boston_Col,1,0,0.5086934832778376,0,0.5002231706086503,1,0.5746818277526949,1,0.5138716217679206,1,0.5353535353535354,0,0.5547841779801121
2017-12-13AR_Lit_Rock,0,0,0.5144613907965601,1,0.5160568406960319,1,0.63572229209259,1,0.5265258781184254,0,0.5252525252525253,1,0.5895123049651667
2017-12-13Arkansas_St,1,0,0.511685517720436,1,0.5322400602471022,1,0.6126384059536802,1,0.5383669145704602,1,0.5202020202020202,1,0.6766987711011897
2017-12-13Belmont,1,0,0.5095941674509099,1,0.5034747755963555,1,0.5939979167526511,1,0.5423795751323527,1,0.5555555555555556,1,0.5157412052244672
2017-12-13Bradley,1,0,0.5078320252293087,0,0.5097387398235187,1,0.6255985459638131,1,0.5588818773014141,0,0.5252525252525253,0,0.5655936691945171
2017-12-14Baylor,1,0,0.5014856144827475,1,0.5066383637892277,1,0.607096075048254,1,0.5261826377838829,0,0.5656565656565656,1,0.5680193402392822
2017-12-16App_State,1,0,0.5144887201013865,1,0.5108469782972237,1,0.5994736836219738,0,0.5354626374185306,1,0.5757575757575758,1,0.5614535168212247
2017-12-16Arizona,1,0,0.5100218028910078,1,0.5104815209391486,1,0.5757127750930797,0,0.5052045378783382,1,0.5757575757575758,1,0.5799068034984833
2017-12-16Arkansas,1,0,0.5076805975919232,0,0.5202275927356957,1,0.5463427041650022,1,0.5242276612451798,1,0.5151515151515151,0,0.608173162589058
2017-12-16Arkansas_St,1,0,0.5124660249664224,1,0.5048166206448456,1,0.5952791466403076,1,0.5068302788288543,1,0.5353535353535354,0,0.554486467344075
2017-12-16Auburn,1,0,0.5081088338351404,0,0.5091666699556472,1,0.5822723515684368,1,0.5443769708976322,0,0.5252525252525253,0,0.5295452228708747
2017-12-16Austin_Peay,1,0,0.5101420710019366,0,0.5228438988977525,1,0.5998712872565346,1,0.586489851309858,0,0.5202020202020202,0,0.6125882861776676
2017-12-18Boise_State,0,0,0.5086722073664776,0,0.5052485121917502,1,0.6245549721228604,1,0.5065409404381109,0,0.5303030303030303,1,0.5029376579310028
2017-12-19Alabama,0,0,0.5087832774610379,0,0.5055818985773394,1,0.5786838167573,1,0.5807157292475428,0,0.5050505050505051,0,0.5710740417390572
2017-12-19Arizona_St,0,1,0.5108529267282963,0,0.5467422725832797,1,0.5289593245592488,1,0.5586317890822385,1,0.5404040404040404,0,0.7535572809247753
2017-12-19Arkansas,1,0,0.5074848372526181,0,0.5199712357399038,1,0.5454352709541074,1,0.5186681792934125,1,0.5353535353535354,0,0.6094358378483284
2017-12-19Arkansas_St,1,0,0.5127904341870999,0,0.5007138768944751,1,0.6148063124283698,0,0.5260735492583986,1,0.5606060606060606,0,0.5743491842535147
2017-12-19Auburn,0,0,0.5111545198925205,0,0.5198973939156014,1,0.5625934368543221,0,0.5079726431627808,0,0.5757575757575758,0,0.5776015401107951
2017-12-19Austin_Peay,1,0,0.5091819915788607,0,0.5414702008268718,1,0.5671121428443219,1,0.611997773333904,1,0.5454545454545454,0,0.7255484442319351
2017-12-19Belmont,1,0,0.5117047313447094,0,0.5128311693058476,1,0.590428050138871,1,0.5845477891405585,1,0.5050505050505051,0,0.5790243438394505
2017-12-19Buffalo,1,0,0.5156129110959524,1,0.503729748471701,1,0.5997695250739555,0,0.5423619275154209,0,0.51010101010101,1,0.5572762509703126
2017-12-20AR_Lit_Rock,1,0,0.5160967122897322,1,0.522728576727597,1,0.6475780206868909,1,0.5577137516131248,1,0.5353535353535354,1,0.6305971060539557
2017-12-20Albany,1,0,0.5177000522084296,1,0.5101614687315182,1,0.6246458130899925,0,0.5205841549208725,0,0.5252525252525253,1,0.5495289886710804
2017-12-20Bradley,1,0,0.509882863449843,0,0.5175169144347809,1,0.5886557015727413,1,0.5347524290269101,0,0.5757575757575758,0,0.5704792417976301
2017-12-21Alab_A&M,0,0,0.507583843812879,0,0.500558334087003,1,0.6652530200153602,1,0.5265679931432815,0,0.5555555555555556,0,0.5276433814830728
2017-12-21Alabama_St,1,0,0.5176584319816053,1,0.5003118544248503,1,0.6127640171310771,0,0.5035335301559298,1,0.5151515151515151,1,0.5209890519739976
2017-12-21American,0,0,0.5114108890738416,1,0.5186896055549867,1,0.6327189435627849,1,0.5491050784368406,0,0.5050505050505051,1,0.6271477271229783
2017-12-21Arizona,0,0,0.5109960978068039,1,0.5005467761583078,1,0.5796044685714228,0,0.5039003792984371,0,0.5050505050505051,0,0.5181337795430634
2017-12-21Bowling_Grn,1,0,0.5129745533605938,1,0.5234746882231527,1,0.6149405713084982,0,0.6125295216988027,0,0.5050505050505051,1,0.6452433233467894
2017-12-21Buffalo,0,0,0.5108050080461115,0,0.5069718320918426,1,0.5934154389208732,0,0.5207878522773526,0,0.5555555555555556,0,0.5188083832191956
2017-12-22Akron,0,0,0.5090104084450904,0,0.5064155619841975,1,0.5937575882226755,1,0.5035812531990242,0,0.5505050505050505,0,0.5268188203143349
2017-12-22Alabama,0,0,0.5080913813225201,1,0.5094448618350249,1,0.6266443006777064,0,0.5740596704864562,0,0.6111111111111112,1,0.5522101788279805
2017-12-22Alabama_St,1,1,0.5060048089973921,0,0.5083069317459503,1,0.6149997374655944,1,0.557229251003864,0,0.5505050505050505,0,0.5582819187389544
2017-12-22Arizona_St,1,0,0.5080748823241377,0,0.5113235993117697,1,0.5600210457203939,1,0.538522737213958,1,0.51010101010101,0,0.5388902290671695
2017-12-22Austin_Peay,0,0,0.5071822626402289,0,0.5428018179951483,1,0.5848786861651286,1,0.6066853988296028,1,0.51010101010101,0,0.7605193953293301
2017-12-22Beth-Cook,0,0,0.5163147190093765,1,0.5088335937575076,1,0.5787731580646557,1,0.5563686734498564,1,0.5757575757575758,1,0.5505362357258267
2017-12-22Bradley,0,0,0.5093497858770022,0,0.5174914223225363,1,0.6043674703042108,0,0.5055435097556388,1,0.5454545454545454,0,0.591318678013437
2017-12-22Brown,1,0,0.511253101056395,0,0.5000563948903125,1,0.5814363116702358,1,0.5681055265672124,0,0.5050505050505051,0,0.5035746089860593
2017-12-22Bryant,0,0,0.5116572558372149,1,0.5193315184848865,1,0.6442497688210002,1,0.5224314134157885,1,0.5454545454545454,1,0.5436864548561935
2017-12-25Akron,0,0,0.5092920493002556,0,0.5050873852999811,1,0.6109220758135188,1,0.6021398862892976,0,0.5555555555555556,0,0.5468275299166765
2017-12-27Air_Force,0,0,0.5114653197331904,1,0.5052434818718208,1,0.6223280060559264,1,0.5241917136510985,1,0.5505050505050505,1,0.5681375672087653
2017-12-27Arkansas,1,1,0.5081335714988072,0,0.5211495411260215,1,0.5550830279408986,1,0.528282980985997,1,0.5151515151515151,0,0.6593722750541804
2017-12-27Boise_State,1,0,0.5145290722667284,0,0.5035112616757642,1,0.584620648520099,1,0.5556686102535868,1,0.5555555555555556,0,0.5178684977243526
2017-12-28Austin_Peay,1,0,0.5100716119843691,0,0.5113069583086153,1,0.6018780441949736,1,0.5511055113078019,1,0.51010101010101,0,0.5146991853078005
2017-12-28Belmont,1,0,0.511640047424452,0,0.515742204178476,1,0.5634814112300582,1,0.5864689573429492,0,0.5909090909090909,0,0.5891424329652727
2017-12-28Bradley,0,0,0.5116963543977602,0,0.5103186168105134,1,0.6057524752707146,1,0.5013209142566845,0,0.5656565656565656,0,0.5039968905208305
2017-12-29AR_Lit_Rock,0,0,0.5101241198580797,1,0.5002032712433212,1,0.6304741183958232,1,0.5840240335696295,0,0.5050505050505051,0,0.5429146526699349
2017-12-29App_State,0,0,0.5089524555271607,0,0.5055120013294805,1,0.5934272962180289,1,0.6076310026893609,0,0.5050505050505051,0,0.5735187323095583
2017-12-29Arkansas_St,1,0,0.5096969660389652,0,0.5045269838800526,1,0.5865163387920208,1,0.598192266717303,1,0.5,0,0.5942356689808312
2017-12-29Baylor,0,0,0.5099181049955078,0,0.5081506110413346,1,0.5997330203456153,1,0.5099199552600335,0,0.5555555555555556,0,0.5645467004413822
2017-12-30Air_Force,1,0,0.5167744343276885,1,0.5065716488862537,1,0.6294937643815423,1,0.5247583509409632,0,0.51010101010101,1,0.5598410621802656
2017-12-30Alabama,1,0,0.5142433998258287,1,0.5168121105642807,1,0.6222123428691709,0,0.5250663190812027,1,0.5050505050505051,1,0.5575501807000134
2017-12-30Arkansas,0,0,0.5067451234513862,0,0.5224753655400713,1,0.5543016253589806,0,0.5173822995729142,0,0.601010101010101,0,0.6722355932355594
2017-12-30Auburn,0,0,0.5077156380958057,0,0.5188885049191865,1,0.5724814292433391,1,0.5061861620530577,0,0.5505050505050505,0,0.6001604187153304
2017-12-30Austin_Peay,1,0,0.5097613994856303,0,0.5175970672239649,1,0.5956309954944256,1,0.556240437360218,0,0.5202020202020202,0,0.5682909727826495
2017-12-30Belmont,0,0,0.5090288943558685,0,0.5231902566284099,1,0.5568963744469324,1,0.505206847676562,0,0.5454545454545454,0,0.6053975088718265
2017-12-30Boise_State,1,0,0.5084377325189765,0,0.5198973939156014,1,0.5666955422335115,0,0.5132079879497664,0,0.5757575757575758,0,0.579983997881909
2017-12-30Boston_Col,1,0,0.5126901471681793,1,0.5147297454693245,1,0.6430714156696682,1,0.513477215176834,1,0.5757575757575758,1,0.5588777008284077
2017-12-30Brown,0,0,0.5081815053113652,0,0.5106780483141348,1,0.6015031349443233,0,0.5185673732717919,0,0.5505050505050505,0,0.5771879675186804
2017-12-31AR_Lit_Rock,1,0,0.510886381728318,1,0.5094448618350249,1,0.6282359027066793,1,0.5948673783761902,0,0.6111111111111112,1,0.5425692475629423
2017-12-31App_State,1,0,0.509597412580884,1,0.5094448618350249,1,0.5970420945158086,1,0.5633273418529114,0,0.6111111111111112,1,0.5294925446066752
2017-12-31Arkansas_St,0,0,0.5116755196948721,0,0.5034382833562163,1,0.6079666263896336,1,0.5788843991310689,1,0.51010101010101,0,0.5841022754568624
2017-12-31Bradley,1,0,0.5152377274342741,0,0.5050472842249685,1,0.627990592097719,1,0.5023106522409646,1,0.5555555555555556,0,0.5147781601846966
2018-01-02Akron,0,0,0.5065815657931706,1,0.5055735880739017,1,0.5912345568304754,1,0.594961033434023,1,0.5505050505050505,1,0.5482930157170766
2018-01-02Alabama,1,0,0.5133512436955985,1,0.5004454201670293,1,0.5885620704012986,1,0.5346079764581454,1,0.5151515151515151,0,0.5192224817690885
2018-01-02Arkansas,0,0,0.5104080863130046,0,0.5108856653108416,1,0.5657128709160236,1,0.5291493801984151,0,0.5656565656565656,0,0.5331661254051984
2018-01-02Auburn,1,0,0.5092503864036251,0,0.5052485121917502,1,0.5647702030377539,0,0.5027773624166734,0,0.5303030303030303,1,0.5299383585828701
2018-01-02Ball_State,1,0,0.5095478775104123,0,0.5024790612067402,1,0.5976830367882178,0,0.5220348987974543,0,0.5555555555555556,1,0.5046902805093018
2018-01-02Baylor,0,0,0.5147963289389763,1,0.5077301906829327,1,0.616617114270605,1,0.5650593423877197,0,0.6111111111111112,1,0.5176538858851321
2018-01-02Bowling_Grn,0,0,0.5112103304840836,1,0.5050712984278766,1,0.6027002697640509,0,0.5269231855010712,1,0.5353535353535354,0,0.5174675766362546
2018-01-03Boise_State,1,0,0.5095003194613466,0,0.5202148262202511,1,0.5806473719663968,1,0.5305613973490784,1,0.5151515151515151,0,0.6294263880649476
2018-01-03Boston_Col,1,0,0.5095062935569956,1,0.5000464589211184,1,0.5906142042488752,1,0.565632560443973,0,0.5050505050505051,0,0.5446259542281033
2018-01-03Bradley,1,0,0.5102773754379305,0,0.5124884006048382,1,0.6054514915541068,1,0.580796894981349,0,0.5050505050505051,0,0.6004817071093197
2018-01-04AR_Lit_Rock,1,0,0.5093640212676016,0,0.5050873852999811,1,0.6299233353577284,1,0.5237627041006179,0,0.5555555555555556,0,0.516633711939307
2018-01-04App_State,0,0,0.510717027269882,0,0.5050873852999811,1,0.5868943975467813,1,0.5127775382100556,0,0.5555555555555556,0,0.545252829946789
2018-01-04Arizona,1,0,0.5104144726018329,1,0.5075246778434651,1,0.579783631579429,1,0.5829266878239905,0,0.5303030303030303,1,0.549545564975634
2018-01-04Arizona_St,0,0,0.5132443432024355,0,0.5390477720773234,1,0.5449837702339053,1,0.5750827309150057,0,0.6060606060606061,0,0.6869226878341141
2018-01-04Arkansas_St,0,0,0.5149421954691364,1,0.5075246778434651,1,0.6078221918796101,1,0.5077107970071434,0,0.5303030303030303,1,0.5510341931974894
2018-01-04Austin_Peay,0,0,0.5103465744281228,0,0.5187937781605598,1,0.5879729632288555,1,0.6291485281425708,1,0.5202020202020202,0,0.584795853710947
2018-01-04Belmont,1,0,0.5072475229861904,0,0.5099391772171757,1,0.5888230234772611,1,0.5194362248389431,0,0.5252525252525253,0,0.557832874122016
2018-01-05Akron,1,0,0.5128165060076796,1,0.5163925112596077,1,0.6076077619391527,1,0.5049161400038168,1,0.5757575757575758,1,0.6470997978322289
2018-01-06AR_Lit_Rock,1,0,0.5078105507427908,0,0.5064622320600827,1,0.6209868277368543,1,0.5790161295657535,0,0.5505050505050505,0,0.5457006223312737
2018-01-06Air_Force,1,0,0.510105190797262,0,0.5074235108202414,1,0.6052340653328029,1,0.6432050071848127,0,0.5050505050505051,0,0.6027471029943374
2018-01-06Alabama,0,0,0.512708263749366,0,0.501016497364788,1,0.5924758289396479,1,0.5329164903413026,0,0.5505050505050505,0,0.5254033115493637
2018-01-06App_State,1,0,0.5120578158931367,1,0.515065471545978,1,0.6130127620323405,0,0.5443370586027283,0,0.5303030303030303,1,0.6087551620373218
2018-01-06Arizona,0,0,0.5062763057776075,0,0.500021579631031,1,0.5647788748536171,1,0.5218078232480913,1,0.5151515151515151,0,0.5029922114516088
2018-01-06Arkansas,0,0,0.5107724379493841,0,0.5064594429911229,1,0.5658165572494199,1,0.6109955186705831,1,0.5353535353535354,1,0.5019865417517745
2018-01-06Arkansas_St,1,0,0.5164789857482014,1,0.5088526758162384,1,0.6304528141492836,0,0.5128763760765187,1,0.5757575757575758,1,0.5733222492058347
2018-01-06Auburn,1,0,0.5120282591793299,0,0.5188885049191865,1,0.5612446767478297,1,0.5534369071539583,0,0.5505050505050505,0,0.6331645904904036
2018-01-06Austin_Peay,0,0,0.5068780623074979,0,0.5097387398235187,1,0.5992487435497204,1,0.6273687660736901,0,0.5252525252525253,0,0.5308192329087864
2018-01-06Ball_State,0,0,0.5089434574522277,0,0.5123458311273799,1,0.5797570982551611,1,0.512623368253672,0,0.5050505050505051,0,0.6019294102666248
2018-01-06Baylor,1,0,0.5201478761071764,1,0.509058168736642,1,0.616051005101429,1,0.5106328699239552,1,0.5050505050505051,1,0.5681498908188316
2018-01-06Belmont,0,0,0.5091467826770655,0,0.5188885049191865,1,0.5770482806032188,1,0.5132282321287458,0,0.5505050505050505,0,0.645046389026849
2018-01-06Boise_State,0,0,0.5119440217025206,0,0.5232980662766413,1,0.5758960471498605,1,0.5770399733848852,0,0.5202020202020202,0,0.6147236598416718
2018-01-06Boston_Col,1,0,0.510502768021853,0,0.5081485555687305,1,0.5953416090254392,1,0.5446305483124316,1,0.5303030303030303,0,0.5758171288929127
2018-01-06Bowling_Grn,1,0,0.5121564738992552,1,0.5153711375170448,1,0.6010779224202254,0,0.5542851944724273,0,0.5303030303030303,1,0.5580806960595283
2018-01-06Bradley,0,0,0.5127881320140593,0,0.5188435125017684,1,0.6034112809734421,1,0.5314437382863295,1,0.5454545454545454,0,0.5939031373609408
2018-01-08Bucknell,0,1,0.5166627931855643,0,0.5201921173838453,1,0.5650327590393475,1,0.5027867836460751,1,0.5454545454545454,0,0.6079758783795713
2018-01-09Akron,0,0,0.5100322101827459,1,0.5053260987831782,1,0.6045293871793583,1,0.5701813956517654,0,0.5050505050505051,0,0.5161752142700586
2018-01-09Alabama,1,0,0.5080913813225201,1,0.5094082865275357,1,0.6302902471075948,0,0.5345221042583781,0,0.6111111111111112,1,0.5014722313727871
2018-01-09Auburn,1,0,0.5088887418354182,0,0.5202275927356957,1,0.5590125558460042,1,0.5548089399394424,1,0.5151515151515151,0,0.6248994673319233
2018-01-09Ball_State,1,0,0.5074228440270545,1,0.5029429559410216,1,0.5961676910641274,0,0.517428484079253,1,0.5505050505050505,1,0.5214995345658745
2018-01-09Baylor,1,0,0.5109792815955629,0,0.500021579631031,1,0.6092245715473172,1,0.5012437667632256,1,0.5151515151515151,1,0.5050143036090081
2018-01-09Boise_State,1,0,0.5088397220664592,0,0.5096937799405463,1,0.5952803370363251,1,0.5138665966486402,0,0.5656565656565656,0,0.5242803532291533
2018-01-09Boston_Col,0,0,0.5115024060401318,0,0.5154857392334977,1,0.5958485437717778,1,0.5188364313003403,1,0.5151515151515151,0,0.6211916390576582
2018-01-09Bowling_Grn,1,0,0.5110929602253032,1,0.5050712984278766,1,0.6051908486616457,1,0.5361143576559799,1,0.5353535353535354,0,0.5163077323789931
2018-01-10Air_Force,1,0,0.5124949638126224,0,0.513673284287864,1,0.5861214430888217,1,0.6668323181247993,0,0.5353535353535354,0,0.6011298670451888
2018-01-10Arkansas,0,0,0.512421710112479,0,0.5039225490781092,1,0.5602877265031325,1,0.5236243767149815,1,0.5151515151515151,0,0.5103711025218252
2018-01-11AR_Lit_Rock,1,0,0.5110963788284905,0,0.5082381474107598,1,0.621102741847177,1,0.5764059831024435,0,0.51010101010101,0,0.6113972608215601
2018-01-11App_State,0,0,0.507708401417285,0,0.5055120013294805,1,0.5851583481836039,1,0.5751375071809041,0,0.5050505050505051,0,0.5605471581652964
2018-01-11Arizona,0,0,0.5110742910149446,1,0.5077301906829327,1,0.5874338466530029,1,0.5314919231799187,0,0.6111111111111112,1,0.5292420847090286
2018-01-11Arizona_St,0,0,0.5102838275508554,0,0.5113235993117697,1,0.569754933063845,0,0.5037135554967278,1,0.51010101010101,0,0.5498172620751678
2018-01-11Arkansas_St,0,0,0.5066668127649461,0,0.5074235108202414,1,0.6003320560867639,1,0.583063598485173,0,0.5050505050505051,0,0.5891999251691087
2018-01-11Army,1,1,0.5054482797408807,1,0.5053102009868554,1,0.6279541680161668,1,0.5784336851249009,1,0.5555555555555556,1,0.5443854151886542
2018-01-11Austin_Peay,0,0,0.5132803475613869,0,0.5094221151816998,1,0.6066791089240127,0,0.5412418156390177,0,0.5404040404040404,1,0.5053886997012453
2018-01-11Belmont,1,0,0.5109820464605654,0,0.5052485121917502,1,0.572317689033056,1,0.5061698111982539,0,0.5303030303030303,1,0.5225789559830819
2018-01-12Brown,1,0,0.5089510838938136,1,0.5004889303444051,1,0.5891295129366291,0,0.5235335869654867,1,0.5505050505050505,1,0.5080193107337531
2018-01-13AR_Lit_Rock,0,0,0.510600927376412,0,0.5134313770050878,1,0.6181325960718325,1,0.6246846395354603,1,0.5252525252525253,0,0.6168708891452748
2018-01-13Air_Force,1,0,0.5114726452152998,0,0.5170691265429228,1,0.596553274166213,1,0.5620321986725056,1,0.5151515151515151,0,0.622786251089313
2018-01-13Akron,0,0,0.5103659244332996,1,0.5170970662735213,1,0.6190599678285864,0,0.5648871710489158,0,0.6111111111111112,1,0.6070754787390664
2018-01-13Alabama,1,0,0.5127149798605507,1,0.5001751287388426,1,0.5813541722684729,1,0.5293049807990564,1,0.5151515151515151,0,0.5081393908191871
2018-01-13App_State,1,0,0.5094000234961373,1,0.5154851437387522,1,0.6169784157395506,1,0.5258089944409953,0,0.6111111111111112,1,0.5904073495463805
2018-01-13Arizona,0,0,0.5188445398779051,1,0.509058168736642,1,0.5927669971467827,1,0.563859936965538,1,0.5050505050505051,1,0.5299082300098281
2018-01-13Arizona_St,0,0,0.5136138803115827,0,0.5078387016436288,1,0.5749286098139278,1,0.5240029586933534,0,0.5555555555555556,0,0.5327954867980027
2018-01-13Arkansas,0,0,0.5144272790522971,1,0.5057793069561867,1,0.5825150595978308,1,0.543266101835594,0,0.5252525252525253,1,0.534279743028287
2018-01-13Arkansas_St,0,0,0.5095557400370532,1,0.5034747755963555,1,0.6167683134076416,1,0.5800096797546601,1,0.5555555555555556,0,0.5086712058874725
2018-01-13Auburn,1,0,0.5119845190838495,0,0.5231902566284099,1,0.5671223001037597,0,0.5012525657494749,0,0.5454545454545454,0,0.6275014803096912
2018-01-13Austin_Peay,1,0,0.5091520761192865,0,0.5051987665831296,1,0.6165933236865259,1,0.5576037205842801,1,0.5202020202020202,1,0.5262359039455411
2018-01-13Ball_State,0,0,0.5064448636587718,0,0.5128311693058476,1,0.5854512111419313,1,0.593405223867955,1,0.5050505050505051,0,0.5877688125380055
2018-01-13Baylor,0,0,0.5116501947968812,0,0.5106780483141348,1,0.5898349581361783,0,0.5243979814387405,0,0.5505050505050505,0,0.5660087517390247
2018-01-13Belmont,1,0,0.5109764789632377,0,0.5205386348292474,1,0.5766503301833179,0,0.5073571827057658,0,0.5757575757575758,0,0.5985332798276882
2018-01-13Boise_State,0,0,0.5101891739282042,0,0.5188787804053461,1,0.5911741256264073,1,0.5301701710503718,0,0.5505050505050505,0,0.6453369182843849
2018-01-13Boston_Col,0,0,0.5061568336921582,0,0.5048395233035502,1,0.6022418254479036,1,0.5170904530717638,0,0.5555555555555556,1,0.5320765794069895
2018-01-13Bowling_Grn,1,0,0.5113931782658245,1,0.5072756547645626,1,0.6056372151900056,1,0.500385537197184,0,0.5505050505050505,1,0.5454691647745177
2018-01-13Bradley,0,0,0.5136308766572322,0,0.5077415797607827,1,0.6165797944777736,1,0.5253278317167112,0,0.5303030303030303,0,0.5291389682588825
2018-01-14Army,1,1,0.5063000411661227,0,0.5081506110413346,1,0.5991035554640071,1,0.5260785568799875,0,0.5555555555555556,0,0.5319282587990095
2018-01-15Baylor,1,0,0.5126787387194596,1,0.5034747755963555,1,0.6112753916819494,1,0.5155037007500946,1,0.5555555555555556,1,0.5252073033413405
2018-01-15Boston_Col,1,0,0.5158268758895321,1,0.5066383637892277,1,0.6079742229071241,0,0.5188563972409199,0,0.5656565656565656,1,0.5305265478282677
2018-01-15Bucknell,1,0,0.501899794162132,0,0.5096937799405463,1,0.5913120480505846,1,0.5263444392362515,0,0.5656565656565656,0,0.5467646745649906
2018-01-16Akron,0,0,0.519197629741063,1,0.5180659877860951,1,0.6123244027694533,1,0.5406787021926913,1,0.5757575757575758,1,0.6306919975601104
2018-01-16Ball_State,0,0,0.5089858469881443,1,0.5053102009868554,1,0.6055474310701737,1,0.5095151819769248,1,0.5555555555555556,1,0.5505093299128223
2018-01-16Bowling_Grn,1,0,0.5126383734959998,0,0.5066109009405878,1,0.5931855334842326,1,0.5201811572471056,0,0.5606060606060606,0,0.5813996157818411
2018-01-17Air_Force,1,0,0.5106116781759003,0,0.5183958624031423,1,0.5972645708306475,1,0.5940961437276171,0,0.51010101010101,0,0.6226887634937264
2018-01-17Alabama,1,0,0.5075765856988794,0,0.5087515175417976,1,0.5972933213596806,1,0.5621878641436359,1,0.5303030303030303,0,0.5966048305165557
2018-01-17Arizona,1,0,0.5090433286977418,1,0.5101806012664823,1,0.5707939417508968,0,0.5100744547125156,0,0.5151515151515151,1,0.5924589735995928
2018-01-17Arizona_St,0,0,0.5149878132821752,0,0.5025919210616643,1,0.5694053671529143,0,0.518604424668753,1,0.5202020202020202,1,0.5466407040587054
2018-01-17Arkansas,0,0,0.5179534973425277,1,0.5058115435291004,1,0.5827055061181573,1,0.5718556785950376,0,0.5202020202020202,1,0.5526460553697004
2018-01-17Auburn,0,0,0.5102316131437881,0,0.5222758839412219,1,0.5613200290772988,0,0.5073481032798843,0,0.5252525252525253,0,0.6270641243135109
2018-01-17Boise_State,0,0,0.5090819610436268,0,0.5048395233035502,1,0.5789940988235257,1,0.5466128660184523,0,0.5555555555555556,0,0.5482797097021259
2018-01-17Bradley,0,0,0.515298310348761,1,0.5022003750283758,1,0.6153695442561375,1,0.5141689116418156,0,0.51010101010101,1,0.5438175751548007
2018-01-18Austin_Peay,0,0,0.5069390214579605,0,0.513532437884006,1,0.5918884456392158,1,0.5365975738920713,1,0.5050505050505051,0,0.5699730537432756
2018-01-18Belmont,1,0,0.5089210723450484,0,0.5202275927356957,1,0.5838051588669138,1,0.5419698845035006,1,0.5151515151515151,0,0.6532952766436588
2018-01-19Brown,1,0,0.5105848529005986,0,0.5130761086397018,1,0.5903259758543262,1,0.5797196152021926,0,0.5050505050505051,0,0.5798296973220346
2018-01-20AR_Lit_Rock,0,0,0.5085089965455167,1,0.5054841230337269,1,0.6240261248434179,1,0.5890609242968202,1,0.5555555555555556,1,0.5475115443383202
2018-01-20Akron,1,0,0.5110754621250311,1,0.5198442745452231,1,0.6339878588777149,1,0.5773091104212592,0,0.51010101010101,1,0.6282802787328337
2018-01-20Alabama,1,0,0.5062358010234855,0,0.5150006005790664,1,0.6075265492130291,1,0.5172990609643742,0,0.5454545454545454,0,0.6268932294894323
2018-01-20App_State,0,0,0.5117488448229742,0,0.5050873852999811,1,0.5948739760932357,0,0.5030673691146088,0,0.5555555555555556,0,0.5560105149422538
2018-01-20Arizona,0,0,0.5080477315976828,0,0.500021579631031,1,0.5774119550787492,0,0.5243142466742707,1,0.5151515151515151,1,0.5071482726916027
2018-01-20Arizona_St,0,0,0.5134036352147671,1,0.5069276605046441,1,0.5761010051525312,1,0.520820833348429,0,0.5202020202020202,1,0.595045259257459
2018-01-20Arkansas,0,0,0.5125799324259511,1,0.5119562597263689,1,0.5751180975147264,1,0.6119764491219578,1,0.5252525252525253,1,0.5776105022453353
2018-01-20Arkansas_St,1,0,0.5164367870523237,1,0.5042712392565065,1,0.6164022106371934,1,0.5537861126400203,0,0.51010101010101,1,0.5888321747704525
2018-01-20Auburn,1,0,0.5072782791302612,0,0.5065789581134782,1,0.5741452726798741,1,0.5543904601774481,0,0.5555555555555556,0,0.5396566086491675
2018-01-20Austin_Peay,0,0,0.5117263172563615,1,0.5008720351184569,1,0.6160459648488192,1,0.5244101149203844,1,0.5505050505050505,1,0.5194875902567668
2018-01-20Ball_State,0,0,0.510250802555595,1,0.5068822052518427,1,0.6031300786830084,1,0.5428508811955256,0,0.51010101010101,1,0.5443737088527782
2018-01-20Baylor,1,0,0.5102219704492758,0,0.5093502287103955,1,0.5983339931733033,1,0.504085288139093,0,0.5555555555555556,0,0.544289455479377
2018-01-20Belmont,1,0,0.5092748852421571,0,0.5199712357399038,1,0.578673733914243,1,0.5521453338172229,1,0.5353535353535354,0,0.6265312569139272
2018-01-20Boise_State,0,0,0.5142399836688717,1,0.5065716488862537,1,0.603029928843361,0,0.5270681074601375,0,0.51010101010101,1,0.5945532973983108
2018-01-20Bowling_Grn,0,0,0.5119398737041515,0,0.5094961983343675,1,0.5922388682366376,1,0.5586977154875397,0,0.5757575757575758,0,0.5842095486254837
2018-01-20Bradley,1,0,0.5138525072038604,1,0.5080129310950933,1,0.6329519161535315,1,0.558920206342778,0,0.51010101010101,1,0.5183253524105589
2018-01-21Boston_Col,1,0,0.5114253963117501,0,0.5128311693058476,1,0.592138748373063,0,0.511868327206392,1,0.5050505050505051,0,0.5719248907043661
2018-01-22American,0,1,0.5131251748624772,1,0.5194771297906733,1,0.6451636007253283,1,0.593801983550679,1,0.6161616161616161,1,0.6213625961738501
2018-01-22App_State,1,0,0.5128538629809659,1,0.5095191750116989,1,0.5888233358886646,0,0.5060305637196869,0,0.5303030303030303,1,0.5753075583937723
2018-01-22Baylor,0,0,0.5142153084201608,0,0.5091325423516588,1,0.5995839703078103,0,0.500979076453006,1,0.5303030303030303,0,0.5738700002851007
2018-01-23Akron,1,0,0.5101241198580797,1,0.5093709831669719,1,0.609510418437121,1,0.5850083192614185,0,0.5050505050505051,1,0.5237049369168152
2018-01-23Alabama,0,0,0.5124043164420744,0,0.5238748529609835,1,0.5847871228525556,0,0.5120659185905412,0,0.5252525252525253,0,0.6440035843902447
2018-01-23Arkansas,1,0,0.5140963167925372,1,0.51677034500822,1,0.5757736084221097,1,0.6143690041799282,1,0.5,1,0.6267064108947041
2018-01-23Ball_State,0,0,0.5134205711910295,1,0.508210309348711,1,0.6135961432422861,1,0.5325910155342019,1,0.5858585858585859,1,0.5747536243799922
2018-01-23Bowling_Grn,0,0,0.5131127931203447,1,0.5055735880739017,1,0.6059720534677159,0,0.5535197612305773,1,0.5505050505050505,1,0.519200199363401
2018-01-23Bradley,1,0,0.5092048482890605,0,0.5078173534598501,1,0.6160614920222609,1,0.5054953686988085,0,0.5050505050505051,0,0.578159991273295
2018-01-24Air_Force,0,0,0.5087038583496236,0,0.5258406241215949,1,0.5952675501420416,1,0.5155998749547612,0,0.5353535353535354,0,0.6426314911682389
2018-01-24Auburn,1,0,0.5091657086133973,0,0.5205386348292474,1,0.5631977706935136,1,0.5185419258542485,0,0.5757575757575758,0,0.601272863925043
2018-01-24Boise_State,1,0,0.5136589618325766,1,0.51208422640471,1,0.5949813597015724,1,0.5817696955471869,0,0.51010101010101,1,0.5698801579978451
2018-01-24Boston_Col,0,0,0.5113607107235483,0,0.5212235020216638,1,0.5897972880146662,1,0.529645015607997,1,0.5454545454545454,0,0.6013722835874888
2018-01-25Arizona,0,0,0.5122924752686733,1,0.5077301906829327,1,0.579288519561022,1,0.541887109857789,0,0.6111111111111112,1,0.5249276898237443
2018-01-25Arizona_St,0,0,0.516748859123844,1,0.5130413170822351,1,0.5807543180507669,1,0.5985723936402824,1,0.5505050505050505,1,0.588293903151429
2018-01-25Arkansas_St,0,0,0.5127121052930819,0,0.5128311693058476,1,0.5981258409381516,1,0.5504363637627114,1,0.5050505050505051,0,0.5700185291618289
2018-01-25Austin_Peay,0,0,0.5165650052986402,1,0.5070200643205215,1,0.6008096028126718,1,0.5350192810433443,1,0.5050505050505051,1,0.543178508394817
2018-01-25Belmont,1,0,0.5083574195825036,0,0.5214462306068313,1,0.5782516737776283,1,0.5684711760118716,0,0.5454545454545454,0,0.6261318229976406
2018-01-26Brown,0,0,0.5105201625370914,0,0.514416234822394,1,0.5978590333452368,1,0.5805730975481003,0,0.5353535353535354,0,0.5493542901547579
2018-01-27AR_Lit_Rock,0,0,0.5095932667732707,1,0.5069017337863847,1,0.6279520351550703,1,0.5657165583680986,0,0.51010101010101,1,0.5640473693081471
2018-01-27Air_Force,1,0,0.5117565251421512,0,0.5065789581134782,1,0.6266815187705452,1,0.6300089215621907,0,0.5555555555555556,0,0.5726204908473445
2018-01-27Akron,1,0,0.5114493704303301,1,0.5035140743244874,1,0.6064107872858928,1,0.5467100719128002,0,0.5505050505050505,1,0.5012009451418539
2018-01-27Alabama,1,0,0.5069359304017318,0,0.5048395233035502,1,0.601293251072549,1,0.6765395897217192,0,0.5555555555555556,0,0.5266650401909599
2018-01-27App_State,0,0,0.5092683367096235,0,0.5055120013294805,1,0.5987497403957813,1,0.585200852706356,0,0.5050505050505051,0,0.5369760860549415
2018-01-27Arizona,0,0,0.5190138651243728,1,0.5120110560494344,1,0.5822151903371056,1,0.5347204172600241,1,0.5,1,0.5605556944023337
2018-01-27Arizona_St,1,0,0.5112507474959976,1,0.5173199037265335,1,0.5775382613480963,1,0.6107081583134083,1,0.6313131313131313,1,0.5804278594468842
2018-01-27Arkansas,0,0,0.5089813909561505,0,0.5017649541278694,1,0.5617452430515534,0,0.5433799609382004,1,0.5353535353535354,0,0.5712799799392196
2018-01-27Arkansas_St,1,0,0.5145791856441558,1,0.5029429559410216,1,0.6162581415958779,1,0.5017889066082366,1,0.5505050505050505,1,0.5261818104158549
2018-01-27Auburn,1,0,0.5088473078893461,0,0.518644809974913,1,0.5510426550606908,1,0.5203797129154395,1,0.5151515151515151,0,0.6062386045571622
2018-01-27Austin_Peay,1,0,0.5140305416518296,1,0.5121741793229526,1,0.6022151865768602,1,0.5761949577081372,0,0.5151515151515151,1,0.5540391677601849
2018-01-27Ball_State,0,0,0.5124298776091478,1,0.5134278715981031,1,0.6019373416832234,1,0.5340250494189257,1,0.5252525252525253,1,0.5644289707960175
2018-01-27Baylor,0,0,0.5120041402750981,1,0.5029429559410216,1,0.6056112802128565,1,0.5852104790489904,1,0.5505050505050505,1,0.5227713852023939
2018-01-27Belmont,0,0,0.5040414135304745,0,0.5227719875980403,1,0.5631454014020071,1,0.5053292280539916,1,0.5757575757575758,0,0.633621425422497
2018-01-27Boise_State,0,0,0.5077475596531799,0,0.5081506110413346,1,0.5760620792579745,1,0.5368136938260578,0,0.5555555555555556,0,0.5380457964701184
2018-01-27Bowling_Grn,0,0,0.5156129110959524,1,0.5069017337863847,1,0.6059731660272711,0,0.5502025754348553,0,0.51010101010101,1,0.5875315789188115
2018-01-27Brown,0,0,0.5090152316320817,0,0.5065972675693614,1,0.6176794026253976,0,0.534408808205366,0,0.5555555555555556,0,0.5442301437497862
2018-01-28Boston_U,0,0,0.5109216243992252,1,0.5133385548941543,1,0.5878918702148693,0,0.516842964927215,0,0.5151515151515151,1,0.5559415429356159
2018-01-28Bradley,1,0,0.5112161673917701,0,0.509231056410707,1,0.610023980346944,1,0.5241078804724787,0,0.5505050505050505,0,0.5642821201297177
2018-01-28Bucknell,1,0,0.51354744669937,0,0.5198973939156014,1,0.5892120439707689,1,0.5045390916240814,0,0.5757575757575758,0,0.5998071375174991
2018-01-30Akron,0,0,0.5088382827028466,0,0.5077436481205322,1,0.5875393178745082,1,0.587760936525172,0,0.5606060606060606,0,0.585373833148759
2018-01-30Arkansas,0,0,0.5117452061797922,1,0.512251142574953,1,0.58779998324165,0,0.5041293045217109,0,0.5303030303030303,1,0.5776893494228926
2018-01-30Auburn,1,0,0.5126251095786515,0,0.5209074736587626,1,0.5590925296048558,0,0.5033164760769891,0,0.5202020202020202,0,0.5786881296352517
2018-01-30Ball_State,1,0,0.511374896816903,1,0.5200367418808124,1,0.5857259009676501,0,0.5096320414499487,0,0.5050505050505051,1,0.6639420156797262
2018-01-30Baylor,1,0,0.5124345975106441,1,0.5042712392565065,1,0.6081918080800564,0,0.5311116826846074,0,0.51010101010101,1,0.5580063167625364
2018-01-31Alabama,0,0,0.5067637726853325,0,0.5188787804053461,1,0.5959628227537033,1,0.5259868404057999,0,0.5505050505050505,0,0.618341375750103
2018-01-31Arizona,1,0,0.5087135865655125,1,0.5131367951846466,1,0.5700324714672839,1,0.5529151946856071,1,0.5353535353535354,1,0.5775894185737233
2018-01-31Boston_Col,0,0,0.5068102947040389,0,0.5048395233035502,1,0.5937996971798265,1,0.5992814713485783,0,0.5555555555555556,0,0.5449993545540166
2018-01-31Bradley,1,0,0.5120789722660251,0,0.5096265808182626,1,0.614766364248689,0,0.5115633041155451,0,0.51010101010101,0,0.5968833696050464
2018-02-01AR_Lit_Rock,0,0,0.5145135519011452,1,0.5100211060228966,1,0.6386281201926389,1,0.6376290406433873,1,0.5555555555555556,1,0.5815878489680734
2018-02-01App_State,0,0,0.5130973441685325,1,0.5068087155651736,1,0.6118116749675744,1,0.5011088808330703,1,0.5505050505050505,1,0.5757472717033429
2018-02-01Arizona_St,0,0,0.5153400706508875,0,0.5024537250569681,1,0.5639612129913513,0,0.505457385694783,1,0.5454545454545454,0,0.5319811813892008
2018-02-01Arkansas_St,0,0,0.5084269902476173,0,0.5074235108202414,1,0.5912819804823211,1,0.6358355711081729,0,0.5050505050505051,0,0.5704287789535929
2018-02-01Austin_Peay,0,0,0.5123142821510853,1,0.5002965908213484,1,0.5877731236618721,1,0.5076057911767538,1,0.5151515151515151,1,0.5325578463545714
2018-02-01Belmont,1,0,0.5103378643370635,0,0.5108856653108416,1,0.5817099058517422,1,0.5447111282150843,0,0.5656565656565656,0,0.5059300109023925
2018-02-02Brown,1,0,0.510627015702005,1,0.5042712392565065,1,0.605699115332369,0,0.5238720447564766,0,0.51010101010101,1,0.5453862762844283
2018-02-03AR_Lit_Rock,0,0,0.5151396829053003,1,0.5099028253254165,1,0.6366944422804564,1,0.5864840714654644,0,0.5252525252525253,1,0.5750701827001208
2018-02-03Air_Force,0,0,0.5088302816898429,0,0.5182973496113583,1,0.6073472710731418,0,0.5192011568065109,0,0.5757575757575758,0,0.5825381265639202
2018-02-03Akron,0,0,0.510951070056237,1,0.5094448618350249,1,0.5949356109085203,1,0.5572178682373992,0,0.6111111111111112,1,0.502215306798391
2018-02-03Alabama,1,0,0.5109366498086003,0,0.5096937799405463,1,0.6102289312327124,1,0.5319877329891954,0,0.5656565656565656,0,0.5474239390981238
2018-02-03App_State,1,0,0.5167536306976852,1,0.5163925112596077,1,0.6211110536835919,1,0.5677779461945203,1,0.5757575757575758,1,0.6125775241738313
2018-02-03Arizona,0,0,0.50876195801837,0,0.5024537250569681,1,0.5593671759328274,0,0.5122495562643088,1,0.5454545454545454,0,0.5296622224457073
2018-02-03Arkansas,0,0,0.5123839499347373,1,0.5194147595549748,1,0.5699821847170451,1,0.5174754014332055,1,0.5050505050505051,1,0.6000770014851831
2018-02-03Arkansas_St,1,0,0.5107568408826272,1,0.5077301906829327,1,0.6210131634549652,1,0.6083409399591123,0,0.6111111111111112,1,0.5429523113805026
2018-02-03Auburn,1,0,0.5080210035761532,0,0.5211340046209137,1,0.5564076117629666,0,0.5385438785475383,0,0.5454545454545454,0,0.6075844866163795
2018-02-03Austin_Peay,1,0,0.5128170812434143,1,0.5088335937575076,1,0.5886482915669637,0,0.5353526477867452,1,0.5757575757575758,1,0.5802194814301169
2018-02-03Ball_State,0,0,0.5099698387513087,1,0.5005403062128372,1,0.5848630330685319,0,0.5198403137822403,1,0.5454545454545454,0,0.5344691287433934
2018-02-03Baylor,1,0,0.5125886093409155,0,0.5074235108202414,1,0.5779788285168004,1,0.5480034334479177,0,0.5050505050505051,0,0.5605768759797913
2018-02-03Belmont,0,0,0.5108047417690544,0,0.5182973496113583,1,0.5662290987951022,1,0.5606496294776535,0,0.5757575757575758,0,0.5910595507579584
2018-02-03Boise_State,0,0,0.5102479255410348,1,0.5034747755963555,1,0.582315247650329,0,0.5031064859517207,1,0.5555555555555556,1,0.5243591894749805
2018-02-03Bowling_Grn,1,0,0.5149794189216997,1,0.5081403319008102,1,0.6211982396304817,1,0.5462716861314029,1,0.5555555555555556,1,0.5522718173535172
2018-02-03Bradley,0,0,0.5104260561299637,0,0.5164701533060245,1,0.5936099585610146,1,0.5055330926941448,1,0.5252525252525253,0,0.6129379209773866
2018-02-03Brown,1,0,0.5065623735721367,0,0.5144150598155884,1,0.5897320610608319,0,0.5148093159471683,1,0.5050505050505051,0,0.591920623047588
2018-02-04Arizona_St,1,0,0.5104598762368799,1,0.5132256987015624,1,0.56366863383523,0,0.5127752090787621,0,0.5303030303030303,1,0.5454832495994992
2018-02-04Boston_Col,1,0,0.5159226209286448,1,0.5066383637892277,1,0.6069526358835945,1,0.557212731391886,0,0.5656565656565656,1,0.5074545276174575
2018-02-05Bucknell,0,1,0.5038221593554238,0,0.5218646006599533,1,0.5603495904247283,1,0.5059650119638439,1,0.5454545454545454,0,0.573369136169785
2018-02-06Air_Force,1,0,0.5110918732057221,0,0.5065789581134782,1,0.6134981170099058,1,0.6236570380190665,0,0.5555555555555556,0,0.550837349324169
2018-02-06Akron,0,0,0.5183273210394403,1,0.5163925112596077,1,0.6122742790105914,0,0.5455329999825667,1,0.5757575757575758,1,0.6023713441031394
2018-02-06Alabama,0,0,0.5120414575215575,0,0.5198973939156014,1,0.5981759086217839,1,0.5230541386352852,0,0.5757575757575758,0,0.6040013742345708
2018-02-06Arkansas,1,0,0.5120588671850945,1,0.5217972525620375,1,0.5887121566273945,1,0.5355789309981679,1,0.5656565656565656,1,0.5481257205089441
2018-02-06Ball_State,0,0,0.5120684924639185,1,0.5141354601722063,1,0.600286734748071,1,0.564411280752041,1,0.5252525252525253,1,0.5636973343611843
2018-02-06Baylor,1,0,0.5079095349875674,0,0.51415855412141,1,0.5912640926002666,1,0.5250474196578225,0,0.5909090909090909,0,0.564163260609986
2018-02-06Boise_State,1,0,0.5165628036143273,1,0.5088526758162384,1,0.5843958709239635,1,0.5319296586586636,1,0.5757575757575758,1,0.605193280090113
2018-02-06Boston_Col,0,0,0.5123547696388535,0,0.5128311693058476,1,0.5868931361709332,1,0.5421645066070528,1,0.5050505050505051,0,0.5671484392999195
2018-02-06Bowling_Grn,1,0,0.5113607107235483,0,0.5089059734411858,1,0.6026555747095964,0,0.5126743746769283,1,0.5050505050505051,0,0.5665050124795983
2018-02-07Auburn,0,0,0.5060748103946139,0,0.5418567530829521,1,0.5176488351149815,0,0.5268312280540399,1,0.51010101010101,0,0.7643377300796572
2018-02-07Bradley,0,0,0.5109397536251246,0,0.5078550683103484,1,0.5957275761652132,1,0.5735704978744889,0,0.5303030303030303,0,0.529162451043515
2018-02-08AR_Lit_Rock,0,0,0.5144485854962277,1,0.5221821434868107,1,0.6283716828406322,1,0.6054818986982551,0,0.5151515151515151,1,0.654330457747992
2018-02-08Albany,0,1,0.5208186861339211,1,0.5013448233615809,1,0.528540552820441,1,0.6510340015722565,0,0.5050505050505051,0,0.5253425705464673
2018-02-08Arizona,0,0,0.5155613559498174,1,0.5106833877531417,1,0.551286512175007,1,0.5051189398000622,1,0.5252525252525253,1,0.5107011688025164
2018-02-08Arizona_St,0,0,0.507106688273325,0,0.5018703381621397,1,0.5536042731298093,1,0.5025145453561096,1,0.5353535353535354,0,0.6064239492963905
2018-02-08Arkansas_St,1,0,0.508547641607213,0,0.500021579631031,1,0.563320222362761,1,0.5291654429191545,1,0.5151515151515151,1,0.507424144717878
2018-02-08Austin_Peay,0,0,0.5121618351993262,0,0.5028734808503468,1,0.5681741361159253,1,0.5189086569374917,1,0.5454545454545454,0,0.52718311793699
2018-02-08Belmont,0,0,0.5096942665696781,0,0.5108856653108416,1,0.563081296364497,1,0.5585142146820021,0,0.5656565656565656,0,0.5390886240420938
2018-02-08Bryant,0,0,0.5071272129174662,1,0.5206111852833074,1,0.5109788204902879,1,0.5997245189190358,1,0.6262626262626263,1,0.6608875859151074
2018-02-09Ball_State,1,0,0.5145865180524516,1,0.5154969097237736,1,0.5886209169804743,0,0.5415397178981821,1,0.51010101010101,1,0.5483418270955485
2018-02-09Brown,0,0,0.506805999278022,0,0.514416234822394,1,0.5250524115190681,1,0.6323426440296814,0,0.5353535353535354,0,0.5702354522270818
2018-02-10AR_Lit_Rock,0,0,0.5128445798028581,1,0.5216616815859842,1,0.6325850188362188,1,0.6364834303140506,1,0.5454545454545454,1,0.6734300473508286
2018-02-10Air_Force,1,0,0.5085465829862372,0,0.5189012740883023,1,0.584514424369271,1,0.5661946062745186,0,0.5505050505050505,0,0.612315404624798
2018-02-10Akron,1,0,0.5140522696000924,1,0.518138842146451,1,0.6006289230831863,1,0.5479084358174505,0,0.51010101010101,1,0.6328125552383985
2018-02-10Alabama,1,0,0.5064316808246005,0,0.5048395233035502,1,0.6005995323476286,1,0.5053176125789186,0,0.5555555555555556,0,0.5443376624151146
2018-02-10App_State,1,0,0.507840947354786,0,0.5050873852999811,1,0.5808346375462917,1,0.5108478290213052,0,0.5555555555555556,0,0.5309152165824855
2018-02-10Arizona,1,0,0.5151801992607536,1,0.5153530218930656,1,0.5863706808689695,1,0.5321790465631656,1,0.51010101010101,1,0.5205697816789484
2018-02-10Arizona_St,1,0,0.5131126647147475,1,0.5128371112884658,1,0.5675407001404803,0,0.5688578308024987,1,0.5454545454545454,0,0.5184931267866424
2018-02-10Arkansas,1,0,0.5096437538963523,1,0.5016239203946327,1,0.5403880896879396,1,0.6749492597336241,0,0.6212121212121212,0,0.5601262802253013
2018-02-10Arkansas_St,0,0,0.5112188107010308,0,0.5094785506546744,1,0.5869020206862028,1,0.5177732168022936,0,0.5505050505050505,0,0.5887332990783312
2018-02-10Auburn,1,0,0.5101770832009032,0,0.5121719248392993,1,0.5496578937048021,1,0.5258087326256762,1,0.5454545454545454,1,0.5100806358212865
2018-02-10Austin_Peay,1,0,0.5128569528410214,1,0.5088054960260735,1,0.6024331753618024,1,0.525588021598547,1,0.5757575757575758,1,0.5659200629825937
2018-02-10Baylor,1,0,0.513516992568041,0,0.5215409167704091,1,0.5703337706290472,1,0.5315323492298184,1,0.5353535353535354,0,0.6286457881232344
2018-02-10Belmont,0,0,0.5134012816265514,0,0.5065269906228661,1,0.5869586079221778,1,0.5556243750315327,1,0.5353535353535354,0,0.5167603692692827
2018-02-10Boise_State,0,0,0.5083526796841883,0,0.500021579631031,1,0.5697246741830104,1,0.5142777424890543,1,0.5151515151515151,1,0.5131414953781278
2018-02-10Boston_Col,1,0,0.5057883051664797,1,0.5053102009868554,1,0.5804685446398697,0,0.5058158290146968,1,0.5555555555555556,1,0.5346518191062375
2018-02-10Bowling_Grn,1,0,0.5066436981120127,0,0.5107761776297535,1,0.6028972768790344,1,0.6429971258291514,0,0.5353535353535354,0,0.5692962419721617
2018-02-10Brown,1,0,0.509624986626157,0,0.5065789581134782,1,0.5967800851232765,1,0.5560310832075964,0,0.5555555555555556,0,0.5322218538347485
2018-02-11Bradley,0,0,0.5145679856239501,1,0.501826681387101,1,0.6026998575146592,1,0.5585110226156054,0,0.51010101010101,1,0.5235178813793986
2018-02-12Baylor,1,0,0.5131053815181403,0,0.5245156400524902,1,0.5792939455921028,1,0.5632938710194093,0,0.5252525252525253,0,0.6527689581857743
2018-02-12Bucknell,0,0,0.5064226175038569,0,0.5048395233035502,1,0.5075267147904345,1,0.5653378464177851,0,0.5555555555555556,1,0.529076381456442
2018-02-13Akron,0,0,0.5099460186569003,1,0.5002032712433212,1,0.6022047416490804,1,0.5616654105607789,0,0.5050505050505051,0,0.5535820612158495
2018-02-13Alabama,1,0,0.5081256339412087,0,0.5188885049191865,1,0.5859060327539778,1,0.5315193320711419,0,0.5505050505050505,0,0.6032713899142799
2018-02-13Arkansas,1,0,0.5123056834373398,0,0.5042017686154814,1,0.5615655418186507,0,0.5060009208412775,0,0.5505050505050505,0,0.5640042979446369
2018-02-13Ball_State,1,0,0.5052902757925993,1,0.5005403062128372,1,0.5721405635418424,0,0.5156713393997658,1,0.5454545454545454,0,0.51563761085674
2018-02-13Boston_Col,1,0,0.5096406476096995,0,0.5081506110413346,1,0.5772712007298555,1,0.5452707575087898,0,0.5555555555555556,0,0.5364814882045317
2018-02-13Bowling_Grn,1,0,0.5109386190198346,0,0.5212714157755836,1,0.6019053778376063,1,0.6108974592966622,1,0.5353535353535354,0,0.6438668272760653
2018-02-14Air_Force,1,0,0.5080727916724194,0,0.5196919812389149,1,0.5808838514472209,1,0.5787556902033871,0,0.6060606060606061,0,0.5585357282660963
2018-02-14Auburn,1,0,0.5088992690283491,0,0.517467172307333,1,0.5689363754192165,1,0.5164437439645656,0,0.5202020202020202,0,0.5945873697179116
2018-02-14Boise_State,0,0,0.5129823804027975,1,0.5139027531082726,1,0.5924975655289164,1,0.5085663752698801,1,0.5252525252525253,1,0.5258451050115713
2018-02-14Bradley,1,0,0.5142125442191691,1,0.5079727496588714,1,0.6192981149800618,1,0.5127444935868074,0,0.51010101010101,1,0.546911463749496
2018-02-15App_State,0,0,0.5076405603329073,0,0.506840152916066,1,0.5917869447830889,1,0.5698484217738575,1,0.5303030303030303,0,0.5513700154715514
2018-02-15Arizona,1,0,0.5090448085583321,0,0.5008899260769403,1,0.5676452558321616,0,0.5363358013295829,1,0.5454545454545454,0,0.5274489301216838
2018-02-15Arizona_St,0,0,0.5083076841280263,0,0.5018703381621397,1,0.5689829611626462,1,0.5158489352674491,1,0.5353535353535354,0,0.6067133091249333
2018-02-15Austin_Peay,0,0,0.5053543423780624,0,0.5000563948903125,1,0.5922531398750386,0,0.534488157429406,0,0.5050505050505051,0,0.5243831088076059
2018-02-15Belmont,0,0,0.5108962540447132,0,0.5038517420380871,1,0.5715284360163996,1,0.5558495071246665,1,0.5151515151515151,0,0.5224355252468902
2018-02-16Bowling_Grn,1,0,0.50901240503745,0,0.5238748529609835,1,0.5891243565003956,0,0.5132901904881464,0,0.5252525252525253,0,0.6453506935851183
2018-02-16Brown,1,0,0.5097713496993852,0,0.5144150598155884,1,0.5715708660154079,0,0.5109870394186107,1,0.5050505050505051,0,0.5964459842439678
2018-02-17AR_Lit_Rock,1,0,0.5127427347881287,1,0.5274494482883059,1,0.6297329655672022,1,0.6010915349225526,1,0.5,1,0.6794017646297525
2018-02-17Air_Force,0,0,0.5081726316236312,0,0.5210181339971532,1,0.6067959546736544,1,0.5958850410759796,0,0.5202020202020202,0,0.6294531131131665
2018-02-17Akron,0,0,0.5108437145501115,1,0.515065471545978,1,0.6093774895923788,1,0.5094197480378019,0,0.5303030303030303,1,0.5999574502751526
2018-02-17Alabama,0,0,0.5122846644493548,0,0.5218646006599533,1,0.5918084342818521,1,0.5592350219069809,1,0.5454545454545454,0,0.630722239213193
2018-02-17App_State,1,0,0.5084576030643257,1,0.5054841230337269,1,0.6021178280528902,1,0.5573927224116049,1,0.5555555555555556,1,0.5529327855661611
2018-02-17Arkansas,1,0,0.5105884825041718,0,0.5027131289604588,1,0.5699579911155558,1,0.5251629015799657,1,0.51010101010101,0,0.6179828760990899
2018-02-17Arkansas_St,0,0,0.5100792583770661,1,0.5034747755963555,1,0.5985022469205554,1,0.634792356936205,1,0.5555555555555556,0,0.5008418013940354
2018-02-17Auburn,0,0,0.5072296887875447,0,0.5188910598853905,1,0.5756923123149233,0,0.5228538195552626,0,0.6060606060606061,0,0.573200538912392
2018-02-17Austin_Peay,1,0,0.5090556900230685,1,0.5053165168250622,1,0.6037076239495447,0,0.5008420448075831,0,0.6111111111111112,1,0.5111697165848793
2018-02-17Ball_State,1,0,0.5106032862581277,0,0.5015515188741617,1,0.5676384927482907,0,0.5276143593763396,0,0.5606060606060606,0,0.6030390587233116
2018-02-17Baylor,1,0,0.5129381138638212,0,0.5241920622476537,1,0.6016889300568822,0,0.5858998491897938,0,0.601010101010101,0,0.6693070946724069
2018-02-17Belmont,1,0,0.5144639580302663,1,0.5060989660768155,1,0.5870720367866656,1,0.5255101067515842,0,0.5252525252525253,1,0.5360787112172883
2018-02-17Boise_State,1,0,0.5181342913513685,1,0.5154626489187615,1,0.5886517402174695,1,0.5850134142002842,1,0.5,1,0.563008810061874
2018-02-17Boston_Col,0,0,0.5117886220456546,0,0.5087515175417976,1,0.5767439882909339,1,0.6049021649665721,1,0.5303030303030303,0,0.5972805683437841
2018-02-17Boston_U,0,0,0.5058922101962912,1,0.5146659215865533,1,0.5516675528207016,0,0.5253288278470394,1,0.5353535353535354,1,0.5490380403657819
2018-02-17Bowling_Grn,1,0,0.5075145842536211,0,0.5252000062778064,1,0.5891673609240227,0,0.5080781957584656,0,0.5353535353535354,0,0.6593399856058064
2018-02-17Bradley,0,0,0.5072235740497243,0,0.5093502287103955,1,0.6129604974452262,1,0.544859308022051,0,0.5555555555555556,0,0.5520258395766104
2018-02-17Brown,0,0,0.5107644270277121,0,0.515742204178476,1,0.5699453325673496,0,0.5194871217397967,0,0.5909090909090909,0,0.6290539818389826
2018-02-19Alabama_St,1,1,0.509911602512899,0,0.5150002867197341,1,0.5075876233736579,1,0.5758259246480936,0,0.5454545454545454,0,0.5668604250354212
2018-02-19Alcorn_State,0,0,0.5028717561389298,0,0.51415855412141,0,0.5063156628007144,1,0.546670499410307,0,0.5909090909090909,0,0.5494935861766441
2018-02-20Akron,1,0,0.5176188217896701,1,0.5180659877860951,1,0.5991883420801583,0,0.5209169138063281,1,0.5757575757575758,1,0.6103522593238205
2018-02-20Arkansas,0,0,0.5094788100887873,0,0.5118009143124951,1,0.5505373165399468,0,0.5183716717890788,0,0.5757575757575758,0,0.6223541006196281
2018-02-20Ball_State,0,0,0.5092009123719146,0,0.5026102780637571,1,0.557868135881222,0,0.5060785005444255,1,0.51010101010101,0,0.5449938695911872
2018-02-20Baylor,0,0,0.5089962810425658,0,0.5257734200935386,1,0.5751339749528569,1,0.514024500855244,1,0.5,0,0.6639237970867782
2018-02-20Boston_Col,0,0,0.5101685531877012,1,0.5029429559410216,1,0.5808674941357658,0,0.5627364323985555,1,0.5505050505050505,1,0.562657589456689
2018-02-20Bowling_Grn,0,0,0.506938644123703,0,0.5255074733733505,1,0.5642655288969872,1,0.6236368992326253,1,0.5757575757575758,0,0.6829171580599049
2018-02-21Air_Force,0,0,0.5088707758118021,0,0.5099225342551283,1,0.5958997477187495,1,0.6392955638903097,0,0.5252525252525253,0,0.5785844294802257
2018-02-21Alabama,0,0,0.5098893176525037,0,0.5077937517088533,1,0.5915914914224526,1,0.5222934026415074,0,0.5303030303030303,0,0.5188022445329725
2018-02-21Auburn,1,0,0.5082917746037149,0,0.5097387398235187,1,0.5631895290334831,1,0.504220743340789,0,0.5252525252525253,0,0.5296753810202861
2018-02-21Boise_State,1,0,0.5093037275310226,0,0.5008899260769403,1,0.5602769426907682,1,0.5352345282686408,1,0.5454545454545454,0,0.5401197182157896
2018-02-21Bradley,1,0,0.5098886475459556,1,0.5004889303444051,1,0.5914379971585378,1,0.5461628590378389,1,0.5505050505050505,1,0.521065212544726
