idx,ou,raw_lightgbc_prediction,raw_lightgbc_confidence,raw_knn_prediction,raw_knn_confidence,raw_log_prediction,raw_log_confidence,+pts_linsvc_prediction,+pts_linsvc_confidence,+pts_lightgbc_prediction,+pts_lightgbc_confidence,+pts_log_prediction,+pts_log_confidence
2017-11-10Alabama,1,0,0.5013323969515269,1,0.5795454545454546,0,0.5138664235348335,1,0.5,0,0.510999176308258,1,0.8474430591153612
2017-11-10Arizona,1,0,0.530562950499563,0,0.5681818181818182,1,0.5012120825498008,1,0.5,0,0.5136644520854017,0,0.5416065588039864
2017-11-10Arizona_St,1,0,0.5184562392737131,1,0.5568181818181818,1,0.5054051788011493,1,0.5,1,0.5124287224224977,0,0.5079879981581505
2017-11-10Ark_Pine_Bl,1,0,0.5329442858834059,1,0.5340909090909091,0,0.516030911899982,1,0.5,0,0.5153711807443955,1,0.7119256413564613
2017-11-10Arkansas,0,0,0.5282185329234911,1,0.5340909090909091,0,0.5075661462899084,1,0.5,1,0.507279371852747,0,0.5900476635134064
2017-11-10Arkansas_St,0,1,0.5092733810404216,1,0.5795454545454546,0,0.5163064197527065,1,0.5,1,0.5113327397204295,1,0.7689164113052968
2017-11-10Austin_Peay,0,0,0.5111312625688614,1,0.6022727272727273,0,0.5285533187949887,1,0.5,1,0.5057786295716725,0,0.5591320951510172
2017-11-10Ball_State,0,0,0.5113290770085321,1,0.5227272727272727,0,0.5209181506078707,1,0.5,1,0.5233073484050811,1,0.5302045526226419
2017-11-10Belmont,1,1,0.5078275586389888,1,0.5909090909090909,0,0.5113141067199238,1,0.5,1,0.5053630530129962,1,0.6502481711581147
2017-11-10Bowling_Grn,0,1,0.5015487454064474,1,0.5113636363636364,0,0.5244769336681105,1,0.5,1,0.5137322032170916,1,0.766188415219244
2017-11-11Akron,0,0,0.5320527168123625,1,0.5113636363636364,0,0.5035595324491758,1,0.5,0,0.5149532600772793,0,0.5981482142490071
2017-11-11Bradley,0,1,0.5025312710882875,1,0.5681818181818182,0,0.514934568100363,1,0.5,1,0.5010578550395394,0,0.6947660065541353
2017-11-11Buffalo,0,0,0.505419518686153,1,0.5568181818181818,0,0.5047205010531766,1,0.5,1,0.522819240903667,1,0.5318531768571826
2017-11-12Air_Force,0,0,0.537990128806582,1,0.5568181818181818,0,0.5246640039427573,1,0.5,0,0.5097717699401203,0,0.6690611757080843
2017-11-12Ark_Pine_Bl,0,0,0.52328805942307,1,0.6136363636363636,0,0.5244844431413198,1,0.5,1,0.5026598024872618,1,0.6317326760822614
2017-11-12Boise_State,0,0,0.5234483673622703,1,0.5454545454545454,1,0.509076543961512,1,0.5,1,0.5001299076812975,0,0.778193854021358
2017-11-13Ark_Pine_Bl,1,0,0.5353022178941005,0,0.5113636363636364,0,0.531935434659512,0,0.5052882771918898,0,0.5271637130141744,1,0.6693276640131349
2017-11-13Austin_Peay,1,0,0.5122507947051801,1,0.5795454545454546,0,0.5341769622793673,1,0.5,1,0.504321906629077,1,0.5093186674962834
2017-11-13Belmont,0,0,0.5415000325293293,1,0.625,0,0.5177356979442465,0,0.5058551429017062,1,0.5053883737856285,0,0.7065708400357155
2017-11-13Bowling_Grn,1,0,0.5297446322029533,1,0.6590909090909091,0,0.5230658566459798,0,0.5058514790392634,1,0.5188109775107141,0,0.7266034609179279
2017-11-13Brown,0,0,0.5108624144626779,1,0.6818181818181818,0,0.5175636883829505,1,0.5,1,0.5138152806226581,1,0.695012753557955
2017-11-14AR_Lit_Rock,0,0,0.5238286087669133,1,0.5,0,0.5182061994506701,1,0.5,0,0.5120441790853975,1,0.7477555436351334
2017-11-14Air_Force,1,0,0.5384192099093461,1,0.5,0,0.5101196994776658,0,0.5065118653837496,0,0.5075403057891354,0,0.6688325949529907
2017-11-14Arizona_St,1,0,0.521409341739455,1,0.5681818181818182,0,0.5205861628233996,0,0.506785118083286,0,0.507895198097865,0,0.6766222379966931
2017-11-14Bradley,0,1,0.5038992676277164,1,0.5227272727272727,0,0.5167590287994603,0,0.5063734374190152,0,0.5124673063421508,0,0.6188197255333886
2017-11-15Ball_State,1,0,0.5054301354252368,1,0.6704545454545454,0,0.5143707549180327,1,0.5,1,0.5479818119051479,0,0.6152570047707842
2017-11-15Buffalo,1,0,0.5098820008013932,1,0.5909090909090909,0,0.5327058183461063,0,0.5058334871625879,1,0.5164627193337978,1,0.5900731480955776
2017-11-16App_State,1,0,0.5055567714744819,1,0.5681818181818182,0,0.5281786046550363,1,0.5,1,0.5031517194595159,1,0.6160945955692916
2017-11-16Arizona,1,0,0.5582773188150267,1,0.5,0,0.5145336992633509,0,0.5072867461399825,0,0.5096859077963191,1,0.5211472938506533
2017-11-16Arkansas_St,0,0,0.5005661416000924,1,0.625,0,0.5199590571689607,1,0.5,1,0.5062290171004202,1,0.825766487166774
2017-11-16Auburn,0,0,0.5232908345493744,1,0.6022727272727273,0,0.5119532961735811,1,0.5,0,0.5027660337876476,0,0.7381008025354853
2017-11-16Belmont,0,1,0.5002643367018924,1,0.5795454545454546,0,0.5164869474450317,1,0.5,0,0.5094925318681688,1,0.5366568693279103
2017-11-16Boise_State,0,0,0.5021026764902392,1,0.5909090909090909,0,0.511795427571984,0,0.5054384004279503,1,0.5041818900980257,1,0.6081207272998952
2017-11-17App_State,0,0,0.5104030468035667,1,0.5909090909090909,0,0.5242769301389112,1,0.5,1,0.5107893376323703,0,0.5842131922016268
2017-11-17Arizona_St,1,0,0.52561874423243,1,0.5568181818181818,1,0.5042725908935666,0,0.5072059701822433,1,0.5210719534214766,0,0.6717890406603801
2017-11-17Arkansas,1,0,0.520533653342314,1,0.5113636363636364,0,0.5051302673864682,0,0.5057480532033034,0,0.530992811927485,0,0.7720839411212894
2017-11-17Auburn,1,0,0.5117898524741473,1,0.5909090909090909,0,0.5194005891716986,0,0.5058267987430736,1,0.5216754006513299,1,0.63541779451868
2017-11-17Boise_State,1,0,0.5391100016612003,1,0.6477272727272727,0,0.5219810765557868,0,0.506073863405966,1,0.5023225584265613,0,0.6574813762195679
2017-11-17Bradley,0,0,0.500093004442298,1,0.5681818181818182,0,0.5334134425695064,0,0.507010272906595,0,0.5010814536558629,0,0.6708737675479628
2017-11-18Akron,0,0,0.5344733364648186,1,0.5227272727272727,0,0.5090260258231085,1,0.5,1,0.5007565741286695,0,0.633939452743652
2017-11-18Belmont,1,0,0.5651109583564043,1,0.5227272727272727,1,0.5242614977357064,0,0.5077800846796904,0,0.5283762660648729,0,0.8601342914150898
2017-11-18Boston_Col,0,0,0.5134985380981072,1,0.625,0,0.5180470979884577,1,0.5,0,0.5105030216562673,0,0.8133130050399222
2017-11-19App_State,1,0,0.5216440082671847,1,0.6136363636363636,0,0.5358150911773344,0,0.50528293855273,1,0.5058748216528999,0,0.8001393199971685
2017-11-19Arizona_St,1,0,0.5255065642783463,1,0.5909090909090909,0,0.5176927742633367,0,0.5053065519814217,1,0.512156263346749,0,0.686037346558865
2017-11-19Auburn,1,0,0.5124710978000178,1,0.6022727272727273,0,0.5162035575074305,0,0.5059302218611506,1,0.5462666843470053,1,0.5972606714453454
2017-11-19Ball_State,1,0,0.5047730676447663,1,0.5909090909090909,0,0.536185133591287,1,0.5,1,0.512182708029382,0,0.6257527888771429
2017-11-19Belmont,1,0,0.5571228162943733,1,0.5909090909090909,0,0.511000303494169,0,0.5064252592226184,1,0.5026969449190098,0,0.7722030033251439
2017-11-19Boise_State,0,0,0.5008599711300534,1,0.5568181818181818,0,0.505703574876632,0,0.5062836672000907,1,0.5028411008665722,1,0.6298076298008121
2017-11-19Boston_Col,0,0,0.512430376078091,1,0.5227272727272727,0,0.5138409476559911,0,0.5060468724214888,1,0.514583094309367,1,0.5645291426040873
2017-11-19Bradley,0,0,0.5186453980810503,1,0.5681818181818182,0,0.5290071022326726,0,0.507507321693631,1,0.5022423230289694,1,0.922257928611595
2017-11-20AR_Lit_Rock,0,0,0.5209768079916568,1,0.5454545454545454,0,0.5191622433909262,1,0.5,0,0.5225682962065044,1,0.689551579983381
2017-11-20Buffalo,0,0,0.5021769848220353,1,0.6477272727272727,0,0.5293333573176802,1,0.5,1,0.5198418456029787,1,0.5726033725084372
2017-11-21Air_Force,1,0,0.5382650859500409,1,0.5,0,0.5133401777670592,1,0.5,0,0.5159701859351162,0,0.7297294742002837
2017-11-21Alabama,0,0,0.5319503181747165,0,0.5227272727272727,0,0.5164695632078184,0,0.5050901370709324,1,0.5008698347519939,0,0.5033145024264105
2017-11-21Baylor,0,0,0.5211797636095331,1,0.5113636363636364,0,0.5262637865328949,0,0.5076139691680507,0,0.5212539732559436,1,0.5722959319277676
2017-11-21Buffalo,1,0,0.5113701730988206,1,0.5795454545454546,0,0.5171046572576885,0,0.5077581576251511,1,0.5139139911657531,0,0.5332861187659805
2017-11-22App_State,1,0,0.5001162258819527,1,0.6022727272727273,0,0.5159885667037569,1,0.5,1,0.5337949949535586,0,0.5376940638237708
2017-11-22Arizona,1,0,0.5436032956695733,0,0.5454545454545454,1,0.5127512884247132,0,0.5069036544849767,0,0.5067769625235578,1,0.5789394755831291
2017-11-22Arkansas_St,1,1,0.5188595036491311,1,0.6477272727272727,0,0.509035545315311,1,0.5,1,0.5156659144837303,1,0.722499465089694
2017-11-22Belmont,0,0,0.5015956606716869,0,0.5227272727272727,0,0.5090184391258483,0,0.506162929820523,1,0.5039729834361402,1,0.6491202052476204
2017-11-22Binghamton,0,0,0.5124143836216373,1,0.5,1,0.5002232990985563,0,0.5063844853222139,0,0.5296479460524496,0,0.6031225513158178
2017-11-22Buffalo,1,0,0.5165354443293269,1,0.5795454545454546,0,0.5215302222010303,0,0.506705080872051,0,0.5120814293771003,0,0.8976748799319941
2017-11-23Arizona,0,0,0.5525686112733244,0,0.5340909090909091,0,0.501187774381887,0,0.5075512865642756,0,0.5011412360760421,0,0.5147983428268175
2017-11-23Arizona_St,1,0,0.5346669672710712,0,0.5454545454545454,1,0.5053933901668528,0,0.5054351266061203,0,0.5225970485771121,0,0.8325734023417458
2017-11-23Arkansas,1,0,0.5073401414380192,1,0.5568181818181818,0,0.5185285053284678,0,0.5050073842478845,1,0.5220021627131773,1,0.6135906638332255
2017-11-24Alab_A&M,1,0,0.5295023958081819,0,0.5681818181818182,0,0.5063574530925932,0,0.5052268883883583,0,0.5174093349517619,1,0.7768135830475198
2017-11-24Alabama,0,0,0.5280714131286819,1,0.5,0,0.5061827429392753,0,0.5072962173608533,0,0.5229453391721108,0,0.6496210631320418
2017-11-24Arizona_St,1,0,0.5402508520221088,0,0.5340909090909091,0,0.5082769863147977,0,0.5063549976758877,0,0.5161733627961883,0,0.7928232685175343
2017-11-24Ark_Pine_Bl,1,0,0.5261617899924254,0,0.5227272727272727,0,0.5265249995512905,1,0.5,1,0.5179082093400753,1,0.5878140997306353
2017-11-24Arkansas,0,0,0.5332602292253361,1,0.5681818181818182,0,0.5130822362015379,0,0.5063693366590675,0,0.5194829020463263,0,0.8926066782009868
2017-11-24Arkansas_St,0,1,0.5038121988134705,1,0.6022727272727273,0,0.5215053015117983,0,0.5068478729158544,1,0.5012227297120642,1,0.8707337329392019
2017-11-24Auburn,1,0,0.570660465166685,1,0.5227272727272727,0,0.5128327244104578,0,0.506780195306536,1,0.5127787891366314,0,0.7045793036772479
2017-11-25Akron,0,1,0.5006043556041152,0,0.5113636363636364,0,0.5156207921759375,1,0.5,0,0.506904401386167,1,0.6119084396990712
2017-11-25Alab_A&M,1,0,0.5158511030297352,0,0.5113636363636364,0,0.5119533853802104,0,0.5057838870923104,1,0.5025620813978663,1,0.7929370704827392
2017-11-25Alabama,1,1,0.5005391873515752,1,0.6022727272727273,0,0.5263867163343878,0,0.5053390684469173,1,0.5281466853733499,1,0.6029790897815827
2017-11-25App_State,0,0,0.5250212090824848,0,0.5454545454545454,0,0.5265202603864269,0,0.5058037556406492,0,0.5098234895602228,0,0.8769754194228375
2017-11-25Ark_Pine_Bl,0,0,0.5266711313296908,1,0.5454545454545454,0,0.5256245293211292,0,0.5062705548729429,0,0.5000562344190747,1,0.7174138582715206
2017-11-25Ball_State,1,0,0.5075117523205914,0,0.5227272727272727,0,0.5322836294523425,1,0.5,1,0.5445985136714059,0,0.6826921804219936
2017-11-25Boise_State,0,0,0.5266953333224742,1,0.5681818181818182,1,0.5000378606000491,0,0.5064214086731997,0,0.5215984232945465,0,0.6023175169135941
2017-11-25Boston_Col,1,0,0.5177454931741483,1,0.5113636363636364,0,0.5260163833744069,1,0.5,1,0.5089299726938064,1,0.6385531143712796
2017-11-25Bradley,0,1,0.5108012663990747,1,0.5568181818181818,0,0.5196623456256555,0,0.5055632049763982,1,0.5071216400348669,1,0.6906338582094838
2017-11-26Air_Force,1,1,0.5169833205269535,1,0.5454545454545454,0,0.5319787473827644,1,0.5,1,0.5120496130521718,1,0.5374323494546556
2017-11-26Arkansas,1,1,0.5010138714280079,1,0.5909090909090909,0,0.5237869682898153,0,0.5060372118615687,0,0.5006962218448157,1,0.8708376412596832
2017-11-26Austin_Peay,1,0,0.5199345483749135,1,0.5568181818181818,0,0.5231849561295119,1,0.5,1,0.5396423706533099,0,0.762743812967112
2017-11-28Akron,1,0,0.5432076685091176,0,0.5340909090909091,0,0.5086688561556496,0,0.5075050637740325,0,0.5214753089600186,1,0.5448111112099303
2017-11-28App_State,0,0,0.5030194364139569,1,0.5681818181818182,0,0.5307424679772437,1,0.5,1,0.5204587439763556,0,0.5083762675707724
2017-11-28Baylor,0,0,0.510232868052334,1,0.6136363636363636,0,0.5250975422680975,1,0.5,0,0.5022467389440636,1,0.8410226308265989
2017-11-28Boise_State,1,0,0.524621086891838,1,0.5795454545454546,0,0.5123904850397916,0,0.5056831920753565,1,0.5054785053111416,0,0.7337296523189989
2017-11-28Brown,0,0,0.5063717667764784,1,0.6363636363636364,0,0.5353737945242457,1,0.5,1,0.508812105302583,1,0.7046914636964241
2017-11-29Air_Force,0,0,0.5043616899641665,0,0.5681818181818182,0,0.525438434721678,1,0.5,1,0.5295028165548752,0,0.6334472279437249
2017-11-29Alabama,1,0,0.5377047428506617,1,0.5,0,0.512438906795246,0,0.5077645465538726,0,0.5250791476729291,0,0.5564049456016613
2017-11-29Arizona,0,0,0.5270992435666004,0,0.5227272727272727,1,0.5031140067138071,0,0.505246530240273,1,0.5033239194840486,0,0.6885089846632533
2017-11-29Arkansas_St,1,0,0.5033264742840097,0,0.5113636363636364,0,0.5223199545887757,1,0.5,1,0.5320418301493459,1,0.7291267366786292
2017-11-29Auburn,0,0,0.5088383862557571,1,0.5795454545454546,0,0.5094502840871582,1,0.5,1,0.5254494412493316,1,0.5281488962693284
2017-11-29Austin_Peay,0,0,0.5015081771049921,1,0.625,0,0.5180132885952029,0,0.5054527115454682,1,0.5212881685632588,1,0.5488745876590319
2017-11-29Belmont,1,0,0.5141430213826561,1,0.5340909090909091,0,0.500070925268476,1,0.5,1,0.5015214766301475,1,0.519884272743941
2017-11-29Boston_Col,0,0,0.5085600290404959,1,0.5795454545454546,0,0.5205488053536997,0,0.5060156580999454,1,0.5117113525383764,1,0.7527436258279875
2017-11-29Bowling_Grn,1,0,0.536732495502324,1,0.5568181818181818,0,0.5176792646721473,1,0.5,1,0.5354997706081858,0,0.7456925488644179
2017-11-29Buffalo,1,0,0.5025871743843149,0,0.5340909090909091,0,0.5041819581226352,1,0.5,1,0.5040560790053604,1,0.561155344615598
2017-12-01Boise_State,0,1,0.5004586521198605,1,0.625,0,0.5264951285488668,1,0.5,0,0.5039067543186708,1,0.5636344273703914
2017-12-01Bradley,0,1,0.5044488514747307,1,0.5681818181818182,0,0.5140328965999257,0,0.5057120671215921,1,0.5081166683196597,1,0.6709623336312646
2017-12-02AR_Lit_Rock,1,0,0.5068680954246059,0,0.5568181818181818,0,0.5098424739962779,1,0.5,0,0.5187720127046882,1,0.7183939938540786
2017-12-02Air_Force,0,1,0.5008556407088282,1,0.5568181818181818,0,0.5278905062097863,1,0.5,0,0.5021695551884735,1,0.6943739195324924
2017-12-02Akron,0,1,0.5100197269830288,1,0.5681818181818182,0,0.5021120433447255,0,0.5051732635747652,1,0.5201950145575288,1,0.5932013866224368
2017-12-02App_State,1,0,0.5242193511550887,1,0.5795454545454546,0,0.5202873896848214,0,0.5050241587562575,0,0.5138463023801143,0,0.641194112795349
2017-12-02Arizona,1,1,0.5042564278662313,1,0.5795454545454546,0,0.5035706853008033,0,0.5060640985995642,1,0.5053379547186213,1,0.8030644768059966
2017-12-02Arizona_St,0,0,0.5358902147716003,0,0.5227272727272727,1,0.5118798752358893,1,0.5,0,0.5063166081871968,0,0.8255322498577279
2017-12-02Arkansas,0,0,0.5071670152396845,1,0.5681818181818182,0,0.5057772922816692,0,0.5052578828308372,1,0.5095964212620112,1,0.69455750693441
2017-12-02Ball_State,0,0,0.5378889001693133,1,0.5,1,0.5128069248423746,1,0.5,1,0.5260777621467165,0,0.6849456253247649
2017-12-02Baylor,0,0,0.5300512648087615,0,0.5340909090909091,0,0.5345727477617068,0,0.5076918363476965,0,0.533261273860435,1,0.5675880149086636
2017-12-02Belmont,1,0,0.5354649592301393,1,0.5909090909090909,1,0.5125535532565264,0,0.507304486529755,0,0.5035253023129889,0,0.7677752570827989
2017-12-02Buffalo,0,0,0.5144149020024439,1,0.5454545454545454,0,0.5221562605821408,0,0.5068819348399922,0,0.5048484644004251,1,0.5554878424783626
2017-12-03Alabama,0,0,0.5361829588326783,1,0.5,0,0.527129988423882,0,0.5066221430588265,0,0.5137066602927567,0,0.6516609457072897
2017-12-03Auburn,0,0,0.5211161485530136,1,0.6022727272727273,1,0.5028687973389367,0,0.5053462138458619,1,0.5307653890931104,0,0.7746652237937156
2017-12-03Boise_State,0,0,0.5267022707472708,1,0.5113636363636364,1,0.5037288170660529,0,0.5088453560215312,0,0.5192083141990306,1,0.6517137435289655
2017-12-03Bradley,0,0,0.5189656630902009,1,0.6022727272727273,0,0.536810820340589,0,0.5057662256667522,1,0.514739225201675,1,0.7287334398919056
2017-12-04App_State,0,1,0.5020589755513798,1,0.6022727272727273,0,0.507709804343186,0,0.5065642039049063,0,0.5013746982735126,1,0.7836687633651406
2017-12-05Arizona,0,0,0.5478415264128567,0,0.5113636363636364,0,0.5138730375754279,0,0.5080888227070214,0,0.5077980836692104,0,0.5123661168863305
2017-12-05Arkansas,1,0,0.5294739335272501,1,0.5568181818181818,1,0.5002378689233207,0,0.5056124345210834,0,0.5126554140524662,0,0.8020597131440212
2017-12-05Arkansas_St,1,0,0.5399875664653135,1,0.5340909090909091,0,0.515356752843172,1,0.5,0,0.5008449713942165,0,0.716515206276382
2017-12-05Ball_State,1,0,0.5040166163804888,1,0.5909090909090909,0,0.5161470167633838,0,0.5056235879015821,1,0.5198347668027365,1,0.5083951303067679
2017-12-05Bowling_Grn,1,0,0.5294777125283368,1,0.6704545454545454,0,0.528999813158979,1,0.5,1,0.5102323595068641,0,0.7445075593290376
2017-12-06Akron,1,0,0.5343439553649065,0,0.5340909090909091,0,0.5126120974146553,0,0.5052096467433468,1,0.5102410720723044,0,0.7641655550003333
2017-12-06Alabama,0,0,0.5348409397821328,0,0.5113636363636364,0,0.5239351009621626,0,0.5061847226171873,0,0.505170908704282,0,0.6473885839723421
2017-12-06Austin_Peay,0,0,0.5109843106611291,1,0.6363636363636364,0,0.5199157801122013,1,0.5,1,0.5290134884230324,0,0.6911741724283673
2017-12-06Brown,1,0,0.5159855700535042,1,0.5568181818181818,0,0.5373466000271336,1,0.5,1,0.5073825736836234,1,0.7628515419125482
2017-12-06Buffalo,0,0,0.5067424014451573,1,0.5454545454545454,0,0.5031515486516092,0,0.5061519494094194,1,0.5060356264475129,1,0.7415092703333783
2017-12-08Air_Force,0,0,0.5041122449000675,1,0.5454545454545454,0,0.5280966143001176,1,0.5,1,0.5086502402277562,1,0.7251623715768629
2017-12-08Arizona_St,0,0,0.5207230205132917,1,0.5681818181818182,1,0.5137865015498527,1,0.5,0,0.503378930076833,0,0.8123465965500474
2017-12-09Akron,1,0,0.5376906529093868,0,0.5795454545454546,0,0.5142280942946734,0,0.5063003597811269,1,0.502842668655537,0,0.7960263384032692
2017-12-09Alabama,1,1,0.5069940371894094,1,0.5454545454545454,0,0.5221212557326986,1,0.5,1,0.5242856542825279,1,0.5257227097915121
2017-12-09App_State,1,0,0.5090252635407738,1,0.5681818181818182,0,0.5116622018289763,1,0.5,1,0.5096305319399372,1,0.6372498970431257
2017-12-09Arizona,1,0,0.5322979305095129,0,0.5454545454545454,0,0.5120124121642982,0,0.5059875784732292,1,0.508735661026218,0,0.6006669815744741
2017-12-09Arkansas,1,0,0.5373729627508976,0,0.5113636363636364,0,0.5070812696003982,0,0.5060280138176787,0,0.5156800862699513,0,0.8317853197526996
2017-12-09Auburn,1,0,0.531438392317634,1,0.6136363636363636,1,0.5124446067345183,0,0.5052655469046367,0,0.5044942258631475,0,0.7007001986873824
2017-12-09Ball_State,0,0,0.5256864079988625,1,0.5568181818181818,0,0.5138905861839308,1,0.5,0,0.5133521412520407,0,0.7184636529534367
2017-12-09Boise_State,0,0,0.5408434001788449,1,0.5113636363636364,1,0.5051902830780046,0,0.505562734249338,0,0.5120097897659402,1,0.5568893783328164
2017-12-09Boston_Col,1,0,0.5152815274281964,1,0.5454545454545454,0,0.5332405634418242,1,0.5,1,0.5178887139173692,0,0.7930200273675172
2017-12-09Bowling_Grn,0,1,0.5006959584589581,1,0.5568181818181818,0,0.5309420877190774,1,0.5,1,0.5160539386076264,1,0.593883865790188
2017-12-10Arizona_St,1,1,0.503276931336921,1,0.5568181818181818,0,0.5202859873852426,0,0.5050637043013273,1,0.5185536010900254,0,0.5791371232735887
2017-12-11Alab_A&M,0,0,0.5147437197544641,0,0.5113636363636364,0,0.5224095429288166,1,0.5,1,0.5161233345063024,1,0.6129739303600951
2017-12-11Bryant,1,1,0.5148395076719402,1,0.5113636363636364,0,0.532942483671532,1,0.5,1,0.5138681882999933,0,0.642354685189306
2017-12-12Albany,0,0,0.5079095515213302,1,0.5,0,0.5126401580569943,1,0.5,1,0.5064787203867971,1,0.8709704615781445
2017-12-12Boston_Col,0,0,0.5069482889053227,1,0.5454545454545454,1,0.5002778110040146,0,0.50816251888489,1,0.5203266102394596,0,0.6294409750747376
2017-12-13AR_Lit_Rock,1,0,0.5243856745820458,1,0.5227272727272727,0,0.5430109306253362,1,0.5,0,0.5043948804935692,1,0.7862214337837501
2017-12-13Arkansas_St,0,0,0.5022270080552032,1,0.5454545454545454,0,0.5117401427362246,1,0.5,0,0.5082663713575576,1,0.7041940348257139
2017-12-13Belmont,1,0,0.529303280569415,0,0.5113636363636364,1,0.5230385162770604,1,0.5,1,0.5089810152067118,0,0.5769478346079006
2017-12-13Bradley,1,0,0.5032778229221548,0,0.5113636363636364,0,0.5220054782295167,1,0.5,1,0.5065513538830528,0,0.5838440048895245
2017-12-14Baylor,1,0,0.5375472711472524,1,0.5909090909090909,0,0.5232314477799191,1,0.5,0,0.5082042447179329,1,0.6408547500955588
2017-12-16App_State,0,0,0.5114109259981235,1,0.5795454545454546,0,0.5229968356667329,1,0.5,1,0.5201900666029793,0,0.6298234090680747
2017-12-16Arizona,1,0,0.5100242846498466,1,0.6136363636363636,1,0.511102571549455,1,0.5,1,0.521342129089129,1,0.7085034319494637
2017-12-16Arkansas,0,0,0.5297526621706705,0,0.5227272727272727,1,0.5144855740636023,0,0.505304703709118,1,0.5061937202278526,0,0.6503700424919994
2017-12-16Arkansas_St,0,1,0.50014798617647,1,0.625,0,0.519563676860884,0,0.5065910591988233,0,0.5076570212791742,1,0.8257003336187603
2017-12-16Auburn,0,0,0.5227501441003615,1,0.5227272727272727,0,0.5145350748389161,0,0.5051645554104703,1,0.5133211057797735,0,0.6852827506350649
2017-12-16Austin_Peay,1,0,0.5052032180051322,1,0.6136363636363636,0,0.5236455174603358,1,0.5,1,0.5014027733190427,1,0.5859474501946832
2017-12-16Belmont,0,0,0.5434288003845499,1,0.6022727272727273,1,0.5318290844718847,0,0.5067115126967866,0,0.5296058782163817,0,0.6561045293315443
2017-12-17Arizona_St,0,0,0.5271470837262776,1,0.5909090909090909,1,0.5083517391779117,1,0.5,1,0.5460192330872818,0,0.7069029039854972
2017-12-18Boise_State,1,0,0.5051262538224883,0,0.5113636363636364,0,0.508796839524621,0,0.5057611418206317,0,0.5167163439675517,1,0.6666773246595318
2017-12-19Alabama,1,0,0.5412229619120454,1,0.5340909090909091,0,0.501185154655891,1,0.5,0,0.5117942890125804,0,0.5900710368963868
2017-12-19Arkansas,1,0,0.5298064260148996,0,0.5227272727272727,1,0.5200269165053956,0,0.508109170539299,0,0.5249120528448032,0,0.568512441525934
2017-12-19Arkansas_St,1,1,0.5040370652246039,1,0.7272727272727273,0,0.5430969175535914,1,0.5,1,0.5114095726786102,0,0.6703444566321639
2017-12-19Auburn,1,0,0.5036032161128438,1,0.5340909090909091,0,0.5110155362319517,0,0.5061589315488417,1,0.5185862600413779,1,0.6308838289620922
2017-12-19Austin_Peay,0,0,0.5229239312309956,1,0.5568181818181818,0,0.5092797252783252,0,0.5064390966505921,1,0.5265033926518334,0,0.6683578170047424
2017-12-19Belmont,0,1,0.5084220072490104,1,0.5568181818181818,1,0.5086065352277266,0,0.5051102764191002,1,0.503166294951194,1,0.5607407891475036
2017-12-19Buffalo,1,0,0.5142345685941211,1,0.625,0,0.5266056159882744,1,0.5,1,0.5203126905006855,1,0.5582435541080653
2017-12-20AR_Lit_Rock,0,0,0.5195699084380474,1,0.5340909090909091,0,0.5425220287661907,1,0.5,1,0.5053088989931389,1,0.6219554549552408
2017-12-20Albany,0,1,0.5135702062348052,1,0.5340909090909091,0,0.5445638601520388,1,0.5,0,0.5018024662177096,1,0.708555380416237
2017-12-20Bradley,0,0,0.5157588209585338,1,0.5795454545454546,0,0.5007623271959807,0,0.505399046411588,0,0.5021261758926785,1,0.903728825235804
2017-12-21Alab_A&M,1,0,0.5277166359557214,1,0.625,0,0.5382998948918163,1,0.5,1,0.5242681580373486,1,0.5660132526947335
2017-12-21Alabama_St,0,0,0.5347794820543927,1,0.5,0,0.5351975551456991,1,0.5,1,0.5340508364300252,1,0.7099639303028776
2017-12-21American,0,0,0.503497358353808,1,0.5795454545454546,0,0.5206807058267992,1,0.5,1,0.5118569403360883,1,0.7057113591680213
2017-12-21Arizona,0,0,0.5294158069084571,0,0.5340909090909091,1,0.5076451310853837,0,0.5078779322348976,0,0.5084505988314548,0,0.5000223048177854
2017-12-21Bowling_Grn,0,1,0.5065100545790063,1,0.5795454545454546,0,0.5239893449702495,1,0.5,1,0.5216170407534003,1,0.5466703540606779
2017-12-21Buffalo,1,0,0.5130033522430381,1,0.6704545454545454,0,0.5462275666130776,1,0.5,1,0.5115129959097606,0,0.5699063473875234
2017-12-22Akron,0,1,0.5012004298604984,1,0.5795454545454546,0,0.51273091360507,1,0.5,1,0.5336012601450315,1,0.5407505920432047
2017-12-22Alabama,0,0,0.5396711811266677,1,0.5227272727272727,0,0.5363705376679986,0,0.5069751546604507,1,0.5127874370816314,0,0.7230936001942133
2017-12-22Alabama_St,1,0,0.561247927978463,1,0.5227272727272727,0,0.5173857991452824,0,0.5055040142921023,1,0.5267071017785521,1,0.7671787931802276
2017-12-22Arizona_St,1,0,0.5226847168667759,1,0.5568181818181818,1,0.5281018093646987,0,0.5061182056982164,0,0.5148636169060281,0,0.7736136093196102
2017-12-22Austin_Peay,0,0,0.5128042093001945,1,0.5909090909090909,0,0.5136241904607671,0,0.5064037758780323,1,0.5116797350572028,0,0.7640097771007885
2017-12-22Beth-Cook,0,1,0.5167693084778201,0,0.5113636363636364,0,0.5296161391892793,1,0.5,1,0.5193332425099778,1,0.7421783889633441
2017-12-22Bradley,0,0,0.5140237315041567,1,0.6363636363636364,0,0.5205310150500562,0,0.5068573887598111,1,0.5197921006431822,1,0.7437249245036851
2017-12-22Brown,1,0,0.5065378282539964,1,0.5227272727272727,0,0.5140222206214156,1,0.5,1,0.5293445474520079,1,0.6092315525730021
2017-12-22Bryant,0,0,0.5046859838565165,0,0.5681818181818182,1,0.5008460457382169,1,0.5,0,0.5121676370242937,1,0.7344540564829758
2017-12-25Akron,1,1,0.5079134003596544,1,0.5454545454545454,0,0.5102593617246358,0,0.5058102747568368,1,0.5059899947505984,1,0.6761308872070968
2017-12-27Air_Force,1,0,0.5085150162879302,1,0.5340909090909091,0,0.5231937089975139,1,0.5,0,0.5169216633917699,1,0.5734430421648292
2017-12-27Arkansas,1,0,0.5665591683330645,1,0.5909090909090909,1,0.5151761706009942,1,0.5,0,0.5155765506724397,0,0.7532525769856464
2017-12-27Boise_State,1,0,0.536776338061659,1,0.5568181818181818,0,0.5030939388031277,1,0.5,1,0.5081252496245223,0,0.817151491670477
2017-12-28Austin_Peay,0,0,0.512629474588113,1,0.5795454545454546,0,0.5071626118469192,0,0.5057233582980053,1,0.5145308082049872,0,0.5519638208046005
2017-12-28Belmont,1,1,0.5001604409004735,1,0.5113636363636364,1,0.5263026418082617,1,0.5,0,0.519780846049549,1,0.8075866310247184
2017-12-28Bradley,0,0,0.5182357754677529,1,0.5454545454545454,0,0.5062428926898552,0,0.5075670378861408,0,0.5079905243273983,1,0.9054232667428274
2017-12-29AR_Lit_Rock,0,1,0.5057357119708328,1,0.5454545454545454,0,0.5188012578144108,1,0.5,0,0.5133517832691723,0,0.8189788624922086
2017-12-29App_State,0,0,0.5259261985104282,0,0.5227272727272727,0,0.5135082829949875,1,0.5,1,0.509851673803527,0,0.7942364852479027
2017-12-29Arkansas_St,0,0,0.5399279665739722,1,0.5,0,0.507295794660616,1,0.5,1,0.5194376754329947,0,0.6634112741319975
2017-12-29Baylor,0,0,0.5081361552737915,1,0.6363636363636364,0,0.5096056942844165,1,0.5,0,0.5125151038231668,1,0.7941619605177742
2017-12-30Air_Force,0,0,0.5077627669772129,1,0.5568181818181818,0,0.5434009225970555,1,0.5,1,0.5031807276348434,1,0.5196676372084351
2017-12-30Alabama,0,0,0.5401619406542257,1,0.5227272727272727,0,0.5404429992586768,1,0.5,0,0.5101064593961329,0,0.6549835724424888
2017-12-30Arizona,0,0,0.5355856827342877,0,0.5227272727272727,1,0.5017325702971612,1,0.5,1,0.5208276864111128,0,0.6526736517733169
2017-12-30Arizona_St,0,0,0.508401732840778,1,0.5454545454545454,0,0.5121877679182438,1,0.5,1,0.5186968838292989,0,0.6068739825139311
2017-12-30Arkansas,1,0,0.5287547877280205,0,0.5454545454545454,0,0.5016233465778337,0,0.5070983514279707,1,0.5075096616847884,0,0.7082214283798618
2017-12-30Auburn,1,0,0.5294534710627918,1,0.6136363636363636,1,0.5004598575675111,1,0.5,1,0.5081389724392693,0,0.8316335435011173
2017-12-30Austin_Peay,0,0,0.5208641496716624,1,0.5568181818181818,0,0.5042969296288289,0,0.5078901035442429,0,0.5171973036533662,1,0.6311623140654572
2017-12-30Belmont,0,0,0.5133114589454293,0,0.5113636363636364,1,0.5168037389682617,0,0.5069088599409,1,0.5054217167537081,1,0.8365109920975967
2017-12-30Boise_State,1,1,0.514124694977602,1,0.5340909090909091,0,0.5187930684978405,0,0.5080554991808872,1,0.5012133135185475,1,0.7955041863479435
2017-12-30Boston_Col,0,0,0.5129466637323664,1,0.5909090909090909,0,0.5370155431166155,1,0.5,1,0.5163408348363036,1,0.5975569396562568
2017-12-30Brown,1,0,0.5057764401010807,1,0.5681818181818182,0,0.522358924480983,1,0.5,0,0.5023273921409421,0,0.6203832590173253
2017-12-31AR_Lit_Rock,1,1,0.5023698025223862,1,0.5,0,0.5157183275226407,0,0.5062824101649867,0,0.5101641187907786,0,0.5594803360341931
2017-12-31App_State,1,0,0.51709873007007,1,0.5568181818181818,0,0.5252627076117795,0,0.5066075605478195,0,0.5106532949886053,0,0.7269639275125201
2017-12-31Arkansas_St,1,0,0.5264204497990721,1,0.5909090909090909,0,0.5119759967697548,0,0.5055802474666611,1,0.5072189167071577,0,0.8343311003320686
2017-12-31Bradley,1,0,0.5141228868831874,0,0.5227272727272727,0,0.5251893622778071,0,0.5069799815340816,0,0.5357917684171571,0,0.513937208685572
2018-01-02Akron,1,0,0.50362030926005,1,0.5454545454545454,0,0.500463360490842,0,0.5051607315675115,0,0.5149637393540594,1,0.6289950103288054
2018-01-02Alabama,1,1,0.5166819283555715,1,0.5795454545454546,0,0.5275799837722879,1,0.5,1,0.5062632654466794,1,0.7770084276455859
2018-01-02Arkansas,0,1,0.5178495475279242,1,0.5568181818181818,0,0.5075685872924796,0,0.5069365985687728,1,0.5074015512122073,1,0.6861062852898365
2018-01-02Auburn,1,0,0.5044083798663552,1,0.5,0,0.5255253035489145,0,0.5059786589445425,1,0.5140100167258385,1,0.5732635100942272
2018-01-02Ball_State,0,0,0.5280434958130222,1,0.5,0,0.5085080899611747,1,0.5,0,0.5103046008277801,0,0.5725017049504317
2018-01-02Baylor,1,0,0.5153649317703467,1,0.5454545454545454,0,0.5202875759422909,0,0.506664612867449,0,0.5093623662286486,0,0.6389728165119712
2018-01-03Boise_State,1,0,0.5353512365505362,0,0.5340909090909091,1,0.507239759399818,0,0.5073375381174026,0,0.5062033648724862,0,0.5540966627365255
2018-01-03Boston_Col,1,0,0.500424011508142,0,0.5113636363636364,0,0.5216655820831897,0,0.5060092561477793,0,0.5004807911590534,0,0.7891783521604958
2018-01-03Bradley,1,0,0.5163478683144551,1,0.5227272727272727,0,0.5157664141991067,0,0.5066750880364324,0,0.5104917452576485,1,0.5353362406257172
2018-01-04AR_Lit_Rock,1,0,0.5266075886436554,1,0.5454545454545454,0,0.5357818258374929,0,0.5057593637477197,0,0.5096611776885103,1,0.7303626946611087
2018-01-04App_State,0,0,0.5126562199793884,1,0.5113636363636364,0,0.5076819148711186,1,0.5,1,0.5188110604123154,0,0.5111124936679095
2018-01-04Arizona,1,1,0.5092511810819303,1,0.6022727272727273,1,0.5000449635518528,1,0.5,0,0.5011903603772845,1,0.7661136899633312
2018-01-04Arizona_St,1,0,0.5023599324575544,1,0.5113636363636364,0,0.5020603592305282,1,0.5,1,0.5195085433680406,1,0.500045618234135
2018-01-04Arkansas_St,0,1,0.5161376028660448,1,0.625,0,0.5258623638681896,1,0.5,1,0.5260719223077152,1,0.7540062662737016
2018-01-04Austin_Peay,1,0,0.5182497077356,1,0.6477272727272727,0,0.5146778884551482,0,0.5072900950636425,0,0.5047893104236756,1,0.5203409740788707
2018-01-04Belmont,0,0,0.5305195515239957,1,0.5795454545454546,1,0.5211277720456958,0,0.5054019036986983,1,0.5064614559658569,0,0.5936133548787419
2018-01-05Akron,0,0,0.5054785386769669,1,0.5681818181818182,0,0.507149857925476,0,0.5052499329691156,1,0.5035213566221188,1,0.6562013194628191
2018-01-06AR_Lit_Rock,1,0,0.5166871028066402,1,0.5568181818181818,0,0.5378288005394756,0,0.5063815248011958,0,0.5159600813024965,1,0.6980950863337408
2018-01-06Air_Force,1,0,0.528673836859956,1,0.625,0,0.54413660000341,1,0.5,0,0.5235999689313163,0,0.7169139229369995
2018-01-06Alabama,0,0,0.5036890228899575,1,0.6022727272727273,0,0.5325603427434973,1,0.5,1,0.5140423888193612,1,0.8275745066939294
2018-01-06App_State,1,0,0.508549774573691,1,0.5795454545454546,0,0.5108394318758218,0,0.5054771301277986,1,0.5020827797979658,1,0.6773610377241265
2018-01-06Arizona,1,1,0.5066016033838028,1,0.5340909090909091,1,0.5039379702383865,0,0.5056712729977227,0,0.5003379291126571,1,0.6853713037106125
2018-01-06Arkansas,0,0,0.5031306991512876,1,0.6022727272727273,0,0.504831319076501,1,0.5,1,0.5289293701655351,0,0.6167129842228329
2018-01-06Arkansas_St,1,1,0.5013970328792178,1,0.6136363636363636,0,0.5298524059745119,0,0.5055481813089839,1,0.5030890937202165,1,0.768819279542475
2018-01-06Auburn,0,0,0.5295685721878955,0,0.5113636363636364,0,0.5157797849089893,0,0.5071485720360916,1,0.519712471485251,0,0.8135830983101433
2018-01-06Austin_Peay,1,0,0.5238453609301494,1,0.5,0,0.5011391155316771,0,0.5078008778388755,0,0.5045442839273218,0,0.5928772293962864
2018-01-06Ball_State,0,0,0.5290106886629304,1,0.5,0,0.5008111078639551,0,0.5061113794347163,1,0.5024785970741573,0,0.6321436566833682
2018-01-06Baylor,0,0,0.524082883731807,1,0.5113636363636364,0,0.535446918876734,0,0.5086459765187843,1,0.5144612884116797,1,0.7078957283944252
2018-01-06Belmont,0,0,0.5276503633341727,1,0.5909090909090909,1,0.5111807052800108,0,0.5061046181253372,0,0.514866889667039,0,0.6823798235601883
2018-01-06Boise_State,1,1,0.5046259623802729,1,0.5227272727272727,0,0.5014193556968787,0,0.5053370193956948,1,0.5199885975223059,1,0.5347768562128131
2018-01-06Boston_Col,0,0,0.5119811044784384,1,0.5568181818181818,0,0.5093064587960274,0,0.5064014532268487,1,0.5188277044696693,0,0.6873167387284616
2018-01-06Bowling_Grn,0,1,0.5041144508262491,1,0.6363636363636364,0,0.5353892017022934,1,0.5,1,0.5053781948889782,1,0.6701451712061208
2018-01-06Bradley,0,0,0.5121661937117867,1,0.5340909090909091,0,0.507783105911872,0,0.5063462234173429,0,0.5059531211537078,1,0.8126998039172545
2018-01-07Arizona_St,0,0,0.5117578006547043,1,0.5227272727272727,0,0.5146060775865191,0,0.5050618336362491,1,0.5334651339618104,1,0.6247822471185185
2018-01-08Bucknell,0,0,0.5282379773166752,0,0.5113636363636364,1,0.5123462906835285,1,0.5,0,0.5335900498919928,1,0.7702961324976111
2018-01-09Akron,0,0,0.5157265525831691,1,0.5113636363636364,0,0.5097074865143671,0,0.5056686919769344,1,0.503239525971582,0,0.6446565156446258
2018-01-09Alabama,0,0,0.5343438744099879,1,0.5,0,0.526373941470953,0,0.5057578041861608,0,0.5243799145324924,0,0.7526581298441652
2018-01-09Auburn,0,0,0.5278534321120749,0,0.5113636363636364,0,0.5097757266440238,0,0.5063787087176026,1,0.5363743761575591,0,0.7198240939488092
2018-01-09Ball_State,0,0,0.5014967663072729,1,0.5568181818181818,0,0.5110234648105664,1,0.5,1,0.5049923302707359,0,0.5282949613102501
2018-01-09Baylor,0,0,0.5042248752037768,1,0.6136363636363636,0,0.5176227624877319,0,0.5063530946355232,1,0.5120324424748989,1,0.7863361551577692
2018-01-09Boise_State,0,0,0.5020783669436951,1,0.5454545454545454,0,0.5054155573886259,0,0.505361408704899,1,0.5214500687361303,1,0.5783537387103921
2018-01-09Boston_Col,1,0,0.5165852479822515,1,0.5454545454545454,0,0.5313218076376365,1,0.5,1,0.5357994712848995,0,0.7031427387012466
2018-01-09Bowling_Grn,0,0,0.5300222617164373,1,0.5795454545454546,0,0.516816733075503,1,0.5,1,0.5051790673991857,0,0.8519327742535645
2018-01-09Bradley,0,0,0.5106716119867448,1,0.5340909090909091,0,0.5120738437055442,0,0.5069680882167905,1,0.502475789533213,1,0.5603253723137357
2018-01-10Air_Force,1,0,0.5391672524926604,1,0.5227272727272727,0,0.5311758859121889,0,0.5056736179714965,1,0.5174732729328338,0,0.6539676074204628
2018-01-10Arkansas,0,0,0.5286159769731099,1,0.5454545454545454,1,0.5192881910611059,0,0.5057791630788685,0,0.5350025314908176,0,0.772909142105367
2018-01-11AR_Lit_Rock,1,0,0.5045604102909651,1,0.5568181818181818,0,0.5276543050445246,0,0.5059270633877851,1,0.5110737075043276,0,0.7287830493337961
2018-01-11App_State,0,0,0.5097650885919587,1,0.5568181818181818,0,0.517526077561876,0,0.5051347319250137,0,0.5013410203660715,0,0.7650436420204524
2018-01-11Arizona,0,0,0.5418976518165699,0,0.5227272727272727,0,0.5049412289931781,0,0.5062996834368745,0,0.5072593574448734,0,0.5905367953992275
2018-01-11Arizona_St,0,0,0.5233890070251512,1,0.5568181818181818,0,0.5101718750675159,0,0.5062520257951799,1,0.5103519197935469,0,0.7809243453663723
2018-01-11Arkansas_St,1,0,0.5374345870720572,1,0.5340909090909091,0,0.5255783906866474,1,0.5,0,0.5156681746552711,0,0.768510126449135
2018-01-11Austin_Peay,1,1,0.501632176508199,1,0.5795454545454546,0,0.519939552849144,0,0.5064053071061946,1,0.5322032406551377,1,0.7563998856647669
2018-01-11Belmont,0,1,0.5038067924190878,1,0.5795454545454546,1,0.5243116842894153,0,0.5054957236961938,1,0.5089586241700571,1,0.9465397988015622
2018-01-12Brown,0,0,0.504059493164728,1,0.5113636363636364,0,0.5133862046400096,1,0.5,1,0.507071457985665,1,0.6660388277375203
2018-01-13AR_Lit_Rock,1,0,0.5070112837944327,1,0.5227272727272727,0,0.5211075212439102,0,0.5067610989256986,1,0.5199340492538034,0,0.5823687808350364
2018-01-13Air_Force,1,0,0.5078298186967822,1,0.6022727272727273,0,0.5250361896763592,0,0.5055239840301704,0,0.5262154970291887,1,0.685693833916055
2018-01-13Akron,1,0,0.519961620792142,0,0.5113636363636364,0,0.507394534829034,0,0.5056259305570907,1,0.5329580144153387,0,0.6430075795647872
2018-01-13Alabama,0,0,0.5070031504025319,1,0.6022727272727273,0,0.508387709671203,0,0.5052845930414109,0,0.5065420268237564,1,0.7780947163784998
2018-01-13App_State,0,0,0.5105313818294278,1,0.5909090909090909,0,0.5270295261055054,0,0.5059695177985277,0,0.5193357145040816,0,0.6793982047355539
2018-01-13Arizona,1,0,0.5283070736635388,0,0.5227272727272727,0,0.5135633790902786,0,0.506871168588744,1,0.5021404282967245,0,0.5764036826705337
2018-01-13Arizona_St,1,0,0.5231046050794239,1,0.6136363636363636,0,0.5060613052195557,0,0.5064801285549791,1,0.5034337941418443,0,0.762883953701634
2018-01-13Arkansas,0,0,0.5285351826551137,1,0.625,0,0.5111333399610534,0,0.5052557929192619,1,0.5223269318011566,0,0.8310058768450824
2018-01-13Arkansas_St,1,0,0.5281227176153734,1,0.5,0,0.5249213455022986,0,0.5063764268910516,0,0.5138448870419203,0,0.7939659567293718
2018-01-13Auburn,0,1,0.5108068244707723,1,0.5568181818181818,0,0.5202532421152698,0,0.5053577204175919,1,0.527394877705793,1,0.7757321778614178
2018-01-13Austin_Peay,1,1,0.5023581426191731,1,0.6363636363636364,0,0.5387475871661305,0,0.5070394856582936,1,0.5126798859821098,1,0.7709056074292026
2018-01-13Ball_State,0,0,0.5065549821732811,1,0.6022727272727273,1,0.505324211016565,0,0.5056000034494792,1,0.5135728138440426,1,0.595909974114732
2018-01-13Baylor,0,0,0.5025598785685659,1,0.5454545454545454,0,0.5086880706250941,0,0.5072582946039488,1,0.5046887541835775,1,0.8279571955036045
2018-01-13Belmont,1,1,0.5033416288090413,0,0.5113636363636364,1,0.5120847133042792,0,0.5064938200913953,0,0.5047492731300092,1,0.8121804186180781
2018-01-13Boise_State,1,0,0.5342118704160925,1,0.5227272727272727,0,0.5145817722705304,0,0.5056753174248881,1,0.5105723786587397,0,0.8226253359834113
2018-01-13Boston_Col,1,0,0.5095775131081975,1,0.5454545454545454,0,0.500498866594383,0,0.5054666381342593,0,0.5078709442256233,0,0.7340453105783471
2018-01-13Bowling_Grn,1,1,0.5059648194462946,1,0.625,0,0.5223620646106697,1,0.5,0,0.5010387950513353,1,0.6168985609591034
2018-01-13Bradley,1,0,0.5223398130657149,1,0.5795454545454546,0,0.5254676000124956,0,0.5055514649000418,1,0.5137098308381003,1,0.7095412212955684
2018-01-14Army,0,0,0.5113659419888603,1,0.5454545454545454,0,0.5198232724276983,1,0.5,1,0.5186205558977028,1,0.5924633138353511
2018-01-15Baylor,0,0,0.5089004944879715,1,0.5568181818181818,0,0.5210411587879661,0,0.5075455267784769,0,0.535191537967221,1,0.5534223095800864
2018-01-15Boston_Col,1,0,0.518791988293688,1,0.5,0,0.524634782360865,0,0.5071620932939033,0,0.5033642700722253,0,0.8311374142240762
2018-01-15Bucknell,0,0,0.5129154775531737,0,0.5340909090909091,0,0.516103649181084,1,0.5,1,0.5086983811655312,1,0.817832472233498
2018-01-16Akron,0,0,0.5034896843846686,1,0.6136363636363636,0,0.5155360036957617,0,0.5054879342077607,1,0.5101582144388113,1,0.8150107183457435
2018-01-16Ball_State,1,0,0.5196506950546913,1,0.5454545454545454,0,0.5062914376966376,0,0.5062243320646072,1,0.5123618636863121,0,0.6224038559653727
2018-01-16Bowling_Grn,1,1,0.5002851244977939,1,0.5454545454545454,0,0.5373028925121779,1,0.5,0,0.5029452494019271,0,0.5562829030502304
2018-01-17Air_Force,1,0,0.5092350904822052,1,0.5340909090909091,0,0.5308938782458043,1,0.5,0,0.5014993176226575,1,0.7452731443881812
2018-01-17Alabama,0,0,0.5392471516914447,1,0.5568181818181818,0,0.521359340144396,0,0.5055131427758182,1,0.5047822350475799,0,0.7092885012617265
2018-01-17Arizona,0,0,0.5107118033969924,1,0.6022727272727273,1,0.5246300311605354,1,0.5,1,0.5351997582547988,1,0.5093831871199294
2018-01-17Arizona_St,1,0,0.5111329225593362,1,0.5568181818181818,0,0.5124740823360394,1,0.5,1,0.5360382548541267,1,0.5156359808526024
2018-01-17Arkansas,1,1,0.5060617557166547,1,0.5909090909090909,0,0.5146686476880722,1,0.5,1,0.5286773930670278,1,0.5447772811608727
2018-01-17Auburn,0,0,0.5064384492631996,1,0.6136363636363636,0,0.5262990402086982,1,0.5,1,0.5350388019651204,1,0.6713580897043879
2018-01-17Boise_State,0,0,0.5393813416028299,1,0.5340909090909091,1,0.5128307006353107,0,0.5060564134265141,0,0.5214181194810452,0,0.660305232301416
2018-01-17Bradley,0,0,0.525432174188726,1,0.5227272727272727,0,0.5189697172775225,0,0.5060628685472712,0,0.504981344326872,1,0.772883201296046
2018-01-18Austin_Peay,0,0,0.5092635964941524,1,0.6363636363636364,0,0.5003268184952029,0,0.5070428617084162,1,0.5141083285751429,1,0.7308994923861225
2018-01-18Belmont,1,0,0.538841017779853,1,0.6136363636363636,1,0.5036355126198263,0,0.5054637986288012,0,0.5137079695665221,0,0.6709202808917428
2018-01-19Brown,1,0,0.5118755669517572,1,0.6022727272727273,0,0.5144442278900786,1,0.5,1,0.524922109578596,0,0.7389550655339555
2018-01-20AR_Lit_Rock,0,0,0.5063945729390158,1,0.5113636363636364,1,0.5045745904527169,0,0.5052958021825237,1,0.504601275748746,0,0.6835205112611293
2018-01-20Akron,1,0,0.5242389159323841,0,0.5909090909090909,0,0.5053319843277144,0,0.5054734271897113,1,0.5040430447990615,0,0.7470736418645094
2018-01-20Alabama,0,0,0.5342094100130153,1,0.625,0,0.5261542192950566,0,0.5059406575360323,0,0.5012472022207526,0,0.8509497842289955
2018-01-20App_State,1,0,0.5102028258412752,1,0.5568181818181818,0,0.5277085725081228,1,0.5,0,0.5144063787032314,1,0.7075152878884196
2018-01-20Arizona,0,1,0.5056063501624861,1,0.5568181818181818,1,0.5010312451809315,0,0.5054335872299209,1,0.5084544683783881,1,0.6545870755052433
2018-01-20Arizona_St,0,0,0.5118745247859382,1,0.5454545454545454,1,0.5184649695364226,1,0.5,1,0.5389439387968993,0,0.6079444258544747
2018-01-20Arkansas,1,0,0.5371071424565285,0,0.5227272727272727,0,0.5055917210513103,0,0.5064147786354468,0,0.515128191976962,0,0.7458178555905377
2018-01-20Arkansas_St,0,0,0.5022334746659789,1,0.6136363636363636,0,0.5282120662409096,1,0.5,0,0.5107089902927742,1,0.8536733727194374
2018-01-20Auburn,0,0,0.5269821579483565,1,0.6136363636363636,0,0.5276996505845034,0,0.5059555581639988,0,0.5046640820175783,0,0.5111107149285101
2018-01-20Austin_Peay,1,0,0.5119903064467801,1,0.6363636363636364,0,0.5363798171466319,0,0.5073938107255613,0,0.5127699554946035,1,0.7716698350052054
2018-01-20Ball_State,0,0,0.5080470807282471,1,0.5227272727272727,1,0.504720831161241,0,0.5054142647272825,0,0.5133033197864029,1,0.5751435778519383
2018-01-20Baylor,0,0,0.5067693204882224,1,0.6022727272727273,0,0.5356861057158658,0,0.506380813953501,1,0.5043516293791442,1,0.7496362532420273
2018-01-20Belmont,1,0,0.5289015823570891,1,0.5568181818181818,1,0.5223292846948951,0,0.5065026292923461,0,0.5110302412251619,0,0.5956234841764385
2018-01-20Boise_State,0,1,0.5112780842228265,1,0.6136363636363636,0,0.5108827589072105,0,0.5054278284917709,1,0.5232827144828429,1,0.6921768804382858
2018-01-20Bowling_Grn,1,0,0.537998634088299,0,0.5113636363636364,0,0.5207518533662536,1,0.5,1,0.5166444685681978,0,0.7880765513603637
2018-01-20Bradley,0,0,0.5015529701729007,1,0.5454545454545454,0,0.5196979744921626,0,0.5057527632439016,1,0.5072652272448978,0,0.7939862553469899
2018-01-22American,0,0,0.5384115385757828,0,0.5227272727272727,0,0.5162846647375265,1,0.5,0,0.5134413908089643,1,0.5715415006597983
2018-01-22App_State,1,0,0.5055703231687967,1,0.5568181818181818,0,0.5151554267265736,0,0.5071517336220347,1,0.5060383798339017,1,0.8386624370671971
2018-01-22Baylor,1,0,0.5232898679272873,1,0.5,0,0.5249990110751714,0,0.5082381071021925,0,0.5225604413170196,1,0.8115787126865721
2018-01-23Akron,0,0,0.5230752668478814,1,0.5681818181818182,0,0.5138692760557115,0,0.5059172971332488,0,0.5044179402274465,0,0.7829399198996191
2018-01-23Alabama,0,1,0.5092941535473473,1,0.625,0,0.517943835135654,1,0.5,1,0.5088050586380612,1,0.6898915116046903
2018-01-23Arkansas,1,1,0.5127394477120639,1,0.5909090909090909,0,0.5249191404887033,1,0.5,1,0.5039627417666537,1,0.8043760683814085
2018-01-23Ball_State,1,1,0.500550172530545,1,0.5568181818181818,0,0.5071383132023639,0,0.5052062944283592,1,0.5098916644968936,1,0.6002663321996938
2018-01-23Bowling_Grn,1,1,0.5008113155228529,1,0.5681818181818182,0,0.5029371534925511,0,0.5052576992438562,1,0.5028804555877586,1,0.5878421642998014
2018-01-23Bradley,0,1,0.5085153369219093,0,0.5681818181818182,0,0.5401553362208902,0,0.5057455174118844,1,0.5129651949331772,1,0.537839145682051
2018-01-24Air_Force,0,0,0.5158174419592807,1,0.5795454545454546,0,0.5335150130935407,1,0.5,1,0.5032038948797298,1,0.6572859397981831
2018-01-24Auburn,1,1,0.5027501496511216,1,0.6136363636363636,0,0.5324481482545709,1,0.5,1,0.5271086488533928,1,0.736427245659363
2018-01-24Boise_State,1,0,0.525982783516171,1,0.5795454545454546,1,0.5078838238642395,0,0.5059078287647473,1,0.5005067670458313,0,0.6126645309736022
2018-01-24Boston_Col,1,0,0.5149789525235817,1,0.5,0,0.5360923642184245,0,0.5068136791675963,1,0.5061792792056043,1,0.7678404839569438
2018-01-25Arizona,1,0,0.5195299484044844,1,0.5227272727272727,0,0.5024346722223717,0,0.5059215971564517,0,0.5047981593934232,0,0.5153590137120414
2018-01-25Arizona_St,1,0,0.5297648513543436,0,0.5113636363636364,0,0.5145056252169637,0,0.5052652819557363,0,0.5040933981887337,0,0.7317274787566292
2018-01-25Arkansas_St,0,1,0.5029788311704392,1,0.5454545454545454,0,0.5159334317401916,1,0.5,1,0.5087205335104629,1,0.7643586048031124
2018-01-25Austin_Peay,1,0,0.5109582660833372,1,0.5340909090909091,0,0.5059127884411847,0,0.507602738618964,1,0.5004577785585764,1,0.6383376228086619
2018-01-25Belmont,1,0,0.5280949410868703,1,0.5681818181818182,1,0.5277774349374059,0,0.5063292995649984,0,0.5143168527065871,1,0.6744202074736417
2018-01-26Brown,0,0,0.5159860085179695,1,0.5795454545454546,0,0.5185820874747543,1,0.5,1,0.5103109001516831,0,0.8168320728763326
2018-01-27AR_Lit_Rock,1,0,0.5204242802100383,0,0.5227272727272727,0,0.5234091778057735,0,0.5055889609383447,0,0.5178944281520108,1,0.772116523627036
2018-01-27Air_Force,0,0,0.535691787626521,1,0.5568181818181818,0,0.5394417049560944,1,0.5,1,0.5050609239529823,0,0.9187155082557321
2018-01-27Akron,1,0,0.5048978845619881,1,0.5909090909090909,0,0.521406099015354,1,0.5,1,0.5082888511824326,1,0.6335891526250478
2018-01-27Alabama,0,0,0.522893347780821,0,0.5454545454545454,0,0.52650242394645,0,0.5065840657435331,0,0.5088524767642728,0,0.7519364947366732
2018-01-27App_State,1,0,0.5117366365080813,1,0.5,0,0.5169358882537437,0,0.5062258112819111,1,0.5059978893554229,0,0.7202771497107485
2018-01-27Arizona,1,0,0.5503457836066749,0,0.5340909090909091,0,0.50763539312318,0,0.5072511126368421,1,0.5117697270353145,1,0.5448186637969741
2018-01-27Arizona_St,0,0,0.5231858151428839,1,0.5909090909090909,0,0.5124966706461077,0,0.5061873070507515,0,0.5183238310976124,0,0.7455154117030527
2018-01-27Arkansas,0,0,0.5401003919373211,1,0.5113636363636364,1,0.5034123410786985,0,0.506032959715846,0,0.5330544948286386,0,0.7772818611864665
2018-01-27Arkansas_St,1,1,0.5005652272379574,1,0.6477272727272727,0,0.5205055288456979,1,0.5,1,0.5130511439501955,1,0.6648388252624987
2018-01-27Auburn,1,0,0.5266102694150332,0,0.5227272727272727,0,0.5021942232960132,0,0.5072090299241386,1,0.5072762965506515,0,0.6395051263111746
2018-01-27Austin_Peay,1,0,0.5076043886398656,1,0.5340909090909091,0,0.5098209120959731,0,0.5079696480583528,0,0.5195462390907222,0,0.5987582782180483
2018-01-27Ball_State,1,0,0.5282139788204545,0,0.5227272727272727,0,0.5015600258544478,0,0.5061925872454279,0,0.5143108621650909,0,0.60284235348438
2018-01-27Baylor,1,0,0.5006612095818762,1,0.5113636363636364,0,0.525486360479293,0,0.5060650485545208,0,0.5010474538585856,1,0.7053993931225906
2018-01-27Belmont,1,0,0.5431115614000671,1,0.5454545454545454,1,0.5387567927992991,0,0.5062985745829511,0,0.5013471905282147,0,0.5592092288379646
2018-01-27Boise_State,0,0,0.509886817373961,0,0.5340909090909091,1,0.5251450289444154,0,0.5059613422102001,1,0.5088953270567241,1,0.6513807111165849
2018-01-27Bowling_Grn,1,0,0.5101303031993798,1,0.5909090909090909,0,0.5356030980839636,1,0.5,1,0.5307468886537057,1,0.5539348792288126
2018-01-27Brown,1,0,0.5020066313154741,1,0.625,0,0.5456414727285377,0,0.5052482758738275,1,0.5055330512679718,0,0.7533088429138015
2018-01-28Boston_U,1,0,0.5277890782072423,1,0.6022727272727273,0,0.5354310684351868,1,0.5,1,0.5004647175994874,0,0.7542665721485784
2018-01-28Bradley,1,0,0.5112395217632282,0,0.5227272727272727,0,0.5263217475181413,1,0.5,1,0.5059127035643965,1,0.6299778599156486
2018-01-28Bucknell,1,1,0.5140338309009286,1,0.5,0,0.510694836545151,1,0.5,1,0.5105387731751183,1,0.6384457826698939
2018-01-30Akron,1,0,0.5095628924876311,1,0.5795454545454546,0,0.5033485314328414,0,0.5057103294856297,1,0.5046718225250016,1,0.5247035971083496
2018-01-30Arkansas,0,1,0.5040779782813771,1,0.5454545454545454,0,0.5180332961898373,1,0.5,1,0.5211803990243399,1,0.6001353513817412
2018-01-30Auburn,0,1,0.5073011907275446,1,0.5909090909090909,0,0.514615408845962,0,0.5055910920299092,1,0.521728145006883,1,0.6157973062386803
2018-01-30Ball_State,0,0,0.5071061486972641,1,0.6022727272727273,0,0.5182941907499792,1,0.5,1,0.5107234741265497,0,0.5699741705381254
2018-01-30Baylor,1,0,0.5073519597808837,1,0.5909090909090909,0,0.5260427765908193,0,0.5065747583864166,1,0.510960632988033,1,0.554972968667776
2018-01-31Alabama,0,0,0.5293316105957432,1,0.5909090909090909,0,0.5187779568452042,0,0.5056442891860645,0,0.5097255982086523,0,0.6735781353020158
2018-01-31Arizona,1,1,0.5167080595407494,1,0.5454545454545454,1,0.5245043830484653,0,0.505724947142617,1,0.5115720554451452,1,0.8500905623158562
2018-01-31Boston_Col,1,0,0.5257373275414801,0,0.5113636363636364,0,0.5011915850672506,1,0.5,1,0.5166453551059795,0,0.7757832407380794
2018-01-31Bradley,1,0,0.5076063179393038,0,0.5113636363636364,0,0.5253805936313154,0,0.5072652553959814,0,0.5081710184923036,0,0.6094105534711783
2018-02-01AR_Lit_Rock,0,0,0.5029680423261822,1,0.5909090909090909,0,0.5244429747413427,0,0.5061659098499769,1,0.5008647731298227,0,0.5310209231537671
2018-02-01App_State,1,0,0.5028277939828064,1,0.5795454545454546,0,0.5303842700544344,1,0.5,1,0.5326081779221961,1,0.5610847989894674
2018-02-01Arizona_St,0,1,0.5073411015229201,1,0.6136363636363636,0,0.5252902165678085,1,0.5,1,0.5120008217091986,1,0.7214700686182157
2018-02-01Arkansas_St,1,0,0.5406990439024679,1,0.5568181818181818,0,0.5328175548562406,0,0.5064529572209985,1,0.503410431152139,0,0.5538992166273946
2018-02-01Austin_Peay,0,0,0.5100718899656225,1,0.5454545454545454,0,0.5202196168008932,0,0.5075638558743146,1,0.5143600768095048,1,0.9052487607968257
2018-02-01Belmont,1,0,0.5085950275038759,1,0.5340909090909091,1,0.5264920707594093,0,0.5050163653957341,0,0.5007774824155657,1,0.8026009403553155
2018-02-02Brown,1,0,0.5140538152007714,1,0.5795454545454546,0,0.5393774522828341,1,0.5,1,0.5414862635428552,0,0.6825895619615593
2018-02-03AR_Lit_Rock,1,1,0.5058301203408966,1,0.5909090909090909,0,0.5342713572085078,0,0.5076393074480866,1,0.5053298851084789,1,0.5648104311154482
2018-02-03Air_Force,0,0,0.5060643112572668,1,0.5909090909090909,0,0.5349480806947053,1,0.5,0,0.5037876203087248,1,0.6208997937862885
2018-02-03Akron,0,0,0.5262062460758089,0,0.5227272727272727,0,0.5203437839589933,0,0.5061175329860863,0,0.5097536290839652,0,0.6424425459474101
2018-02-03Alabama,0,1,0.5112894154921641,0,0.5113636363636364,0,0.5234077380297957,0,0.5055185487219699,1,0.5106611215249431,1,0.6672378238465708
2018-02-03App_State,0,0,0.5132554269876685,1,0.5795454545454546,0,0.5245639528032309,0,0.505923895980486,1,0.5156234517317743,1,0.7038919208824952
2018-02-03Arizona,1,1,0.5061176900970459,1,0.5909090909090909,1,0.5074547190062411,0,0.5064251771202466,1,0.5119651827815411,1,0.8416531819331464
2018-02-03Arkansas,1,0,0.5047646067298489,1,0.6136363636363636,1,0.5056551812343277,0,0.5056544298783311,1,0.5066456447164496,1,0.7345411201453721
2018-02-03Arkansas_St,1,0,0.5283413579792258,1,0.5795454545454546,0,0.5271685158708781,0,0.5075938403323661,0,0.502726507337883,1,0.5812223332660367
2018-02-03Auburn,1,0,0.5207806202413061,1,0.6022727272727273,0,0.5029621561293864,0,0.5067055004411914,0,0.503360053580949,1,0.6034660717635689
2018-02-03Austin_Peay,1,0,0.5072760057489751,1,0.6022727272727273,0,0.5084213117916336,0,0.5076830020001153,1,0.5078260078329273,1,0.9104301410821548
2018-02-03Ball_State,0,0,0.5025734744897642,1,0.6022727272727273,0,0.5165032889117452,1,0.5,1,0.525362076621691,1,0.6614313475644569
2018-02-03Baylor,1,0,0.518911139330755,1,0.5,0,0.5240560354926221,0,0.5078647533348116,1,0.5097848180360407,0,0.5436481365901404
2018-02-03Belmont,1,0,0.5070720655034682,1,0.5227272727272727,1,0.5268118927021236,0,0.5054587716716874,1,0.5012432746769736,1,0.6506547198642021
2018-02-03Boise_State,1,0,0.5198879765324574,1,0.5340909090909091,0,0.502883189947393,0,0.5051567118552877,1,0.5205191561808966,0,0.5860911340775019
2018-02-03Bowling_Grn,0,0,0.5347465866126189,0,0.5227272727272727,0,0.5285067629343032,0,0.5050525260942111,1,0.5191709208054218,0,0.750396165739463
2018-02-03Bradley,1,0,0.5160451956302428,1,0.5113636363636364,0,0.5041097930529383,0,0.5086702775675784,1,0.5025268660515461,1,0.6190933854541931
2018-02-03Brown,1,0,0.5185162309891249,1,0.5568181818181818,0,0.5379573798068477,0,0.5053062104927101,1,0.5238355411628257,1,0.5656325436662712
2018-02-04Arizona_St,1,1,0.5091041164461575,1,0.5795454545454546,0,0.502235864157393,0,0.5058069277432388,0,0.5051401282786282,1,0.7164787288081118
2018-02-04Boston_Col,1,0,0.5108051553374496,1,0.5681818181818182,0,0.5073597354867465,0,0.5069625482167893,0,0.5159621038377519,0,0.6535210137406279
2018-02-05Bucknell,1,0,0.5097904727882461,0,0.5568181818181818,0,0.5109176300740963,1,0.5,1,0.5151954455854513,1,0.7228875389633762
2018-02-06Air_Force,1,0,0.5286018642594524,1,0.6477272727272727,0,0.5293447115745513,0,0.5050576609305626,1,0.5159047509132263,0,0.7261204925877012
2018-02-06Akron,1,0,0.5026881555211482,1,0.6704545454545454,0,0.5151549689535504,1,0.5,1,0.5204328462224124,0,0.58248658378943
2018-02-06Alabama,0,1,0.5075298781669016,1,0.5227272727272727,0,0.5186981974314465,0,0.5057358052720283,0,0.5185624832911684,1,0.8205762426029288
2018-02-06Arkansas,0,0,0.5298611998215301,0,0.5454545454545454,1,0.5104581162367406,0,0.5055530516447228,0,0.5281901300421763,0,0.8146338089278664
2018-02-06Ball_State,0,0,0.5177077499725693,1,0.5681818181818182,0,0.5031220788549258,0,0.5058333808702025,1,0.5054723825847507,0,0.7828885278088307
2018-02-06Baylor,0,0,0.5130694702552779,1,0.5454545454545454,0,0.5239822373266867,0,0.5071881238154011,0,0.5079239110659556,1,0.8681944879009101
2018-02-06Boise_State,0,0,0.5093720444975081,1,0.625,1,0.513709617276214,0,0.5075622470873712,1,0.5333760182405289,1,0.8377920989690432
2018-02-06Boston_Col,1,0,0.5258084548149222,1,0.5909090909090909,0,0.5167081935925747,0,0.506385196305679,1,0.5236003438405344,1,0.5244497733845435
2018-02-06Bowling_Grn,0,1,0.5088044018054014,1,0.5795454545454546,0,0.5362843051088391,1,0.5,1,0.5160726597934078,0,0.7101142079658267
2018-02-07Auburn,1,0,0.5383444031473683,1,0.5568181818181818,0,0.5052673024956059,0,0.506867659386187,0,0.5173708987723342,0,0.5668235027174451
2018-02-07Bradley,1,0,0.5199647471434283,1,0.5454545454545454,0,0.5135341767222639,0,0.5070309517347935,1,0.5148840014846127,1,0.8920235117327218
2018-02-08AR_Lit_Rock,0,0,0.5241757010199739,1,0.5909090909090909,0,0.5215550185629798,0,0.5058808396499473,0,0.5358640695589358,1,0.7559316507022699
2018-02-08Albany,1,0,0.5559923222016192,1,0.5454545454545454,0,0.5248008361641088,1,0.5,0,0.5144915765040562,0,0.8702792772369345
2018-02-08Arizona,0,0,0.5499813691946801,1,0.5,1,0.5074156703308527,0,0.506316283379446,0,0.5214674897803107,0,0.5737390522597458
2018-02-08Arizona_St,0,0,0.534953924462858,0,0.5113636363636364,0,0.5013684514580036,0,0.5071732565850644,0,0.5349964563528447,0,0.8386210939929457
2018-02-08Arkansas_St,1,0,0.5001918524709528,1,0.5909090909090909,0,0.5281219534835417,0,0.5056979620840382,1,0.5105579898966245,1,0.86736380103644
2018-02-08Belmont,0,1,0.5119926063378841,1,0.5909090909090909,1,0.51601474277227,0,0.5052742249846048,0,0.5031138744229804,1,0.689038697654814
2018-02-08Bryant,1,0,0.508368326825677,1,0.5340909090909091,0,0.5142364295232154,1,0.5,1,0.5133785378342521,0,0.6398864333567171
2018-02-09Ball_State,1,0,0.5146208091214174,0,0.5227272727272727,0,0.5154653751575504,0,0.5055916022591632,0,0.5010803613697941,0,0.7616197799211284
2018-02-09Brown,0,0,0.5184953847432234,1,0.5568181818181818,0,0.5047797149887947,1,0.5,1,0.5176406864595636,0,0.8858458353442082
2018-02-10AR_Lit_Rock,1,0,0.5237401229391947,1,0.6704545454545454,0,0.5333668084087867,0,0.5063582551117441,0,0.511206823932788,1,0.7794133253311016
2018-02-10Air_Force,1,0,0.5350720974524836,1,0.5681818181818182,0,0.5203208375408633,0,0.5072285577974418,1,0.5017432947418112,0,0.5141158759696955
2018-02-10Akron,0,0,0.5257113934560322,1,0.5909090909090909,0,0.5095418175874971,0,0.5056275903993697,1,0.5091638857203994,0,0.866544386079356
2018-02-10Alabama,0,0,0.5299805910751283,0,0.5113636363636364,0,0.5283296664984596,0,0.5059949996055493,0,0.5073418701036103,0,0.623448511938369
2018-02-10App_State,1,0,0.5068764174942748,1,0.5340909090909091,0,0.5255348219237372,1,0.5,1,0.5108662247264629,1,0.6803448604099922
2018-02-10Arizona,0,0,0.5321271986649618,0,0.5227272727272727,1,0.5134843740860642,0,0.5077898199311471,0,0.5120354545874569,0,0.5820172928155445
2018-02-10Arizona_St,1,0,0.5324361634145837,1,0.5909090909090909,0,0.5186112165807377,0,0.5066531920239054,0,0.5155171605768003,0,0.8175127374924039
2018-02-10Arkansas,0,0,0.5282578408878766,1,0.5340909090909091,1,0.5029426627398595,0,0.5051853708108842,0,0.5112455235449358,0,0.6770323121839974
2018-02-10Arkansas_St,1,0,0.5029051988683502,1,0.5340909090909091,0,0.523142212999145,0,0.5058530519988037,1,0.5006753500442787,1,0.7594978269643189
2018-02-10Auburn,0,1,0.5040271062465721,1,0.5227272727272727,0,0.5110271959473652,0,0.5058798618675096,0,0.5011977305948938,1,0.7523754561306957
2018-02-10Austin_Peay,1,0,0.5081198184532725,1,0.5795454545454546,0,0.5233813192371743,0,0.5080006596838116,1,0.5139995825250692,1,0.853994026185738
2018-02-10Baylor,0,0,0.5245281989918356,0,0.5113636363636364,0,0.527384981378311,0,0.5086951945208908,1,0.5010583629234034,1,0.7293810013671529
2018-02-10Belmont,0,1,0.5098411670736267,1,0.5113636363636364,1,0.530168380711801,0,0.5054154948175091,0,0.5091153166003188,1,0.6975639791628594
2018-02-10Boise_State,0,0,0.5053179661436737,1,0.6022727272727273,0,0.5054171594123557,1,0.5,1,0.521412856155484,1,0.6961672310242152
2018-02-10Boston_Col,0,0,0.5221641376387983,0,0.5340909090909091,0,0.5011039701509911,0,0.5058989178861095,1,0.5078860067613953,0,0.7069585564774639
2018-02-10Bowling_Grn,0,0,0.5353840679415947,1,0.6022727272727273,0,0.5443062430790486,0,0.5052683988225573,0,0.5157092655415856,0,0.5810634339525088
2018-02-10Brown,1,0,0.5102750208864346,1,0.6477272727272727,0,0.509532899171752,0,0.5064713094978649,1,0.5119891535675747,0,0.7164147194039032
2018-02-11Bradley,0,0,0.5147689357385898,1,0.6022727272727273,0,0.5191862881348359,0,0.5062693406435284,1,0.5222191780782606,1,0.7461038988200008
2018-02-12Baylor,1,0,0.5011873257841553,1,0.6136363636363636,0,0.5138923982972252,0,0.5077792771193871,0,0.5157472888234282,1,0.7592784694290902
2018-02-12Bucknell,0,0,0.553713851797044,0,0.5113636363636364,0,0.5221084276208017,1,0.5,0,0.5032844949289821,0,0.9194359231881603
2018-02-13Akron,1,0,0.5197315167771163,1,0.6136363636363636,0,0.5258773177060836,0,0.5055905353480008,1,0.5028942146622656,0,0.8675061806168964
2018-02-13Alabama,1,0,0.531939368845441,0,0.5113636363636364,1,0.5014416461381054,0,0.507061017606155,0,0.5091696713757479,0,0.5074263016730041
2018-02-13Arkansas,0,1,0.5100223560115952,1,0.6022727272727273,0,0.5095555417164894,0,0.5050092904931701,1,0.5093421666494126,1,0.732439759269235
2018-02-13Ball_State,1,0,0.5002850854294518,1,0.5568181818181818,0,0.5005996099495259,0,0.5050070420735503,1,0.5028834615895352,1,0.6074308700184988
2018-02-13Boston_Col,0,0,0.5247632754135211,1,0.5,0,0.5070341344858639,0,0.5056295782270301,1,0.5217230578243307,1,0.7389544960186413
2018-02-13Bowling_Grn,1,0,0.5388725647875539,1,0.6363636363636364,0,0.5195262699561117,0,0.5051432543834096,1,0.5304660785944294,0,0.7553205636513751
2018-02-14Air_Force,0,0,0.5092575724419127,1,0.6363636363636364,0,0.5456217376884329,1,0.5,1,0.5095233506016547,1,0.6775061265077185
2018-02-14Auburn,0,0,0.5163664148600087,1,0.6136363636363636,0,0.5047933273229404,0,0.5056984805146735,1,0.5103500223414295,0,0.7848346610188115
2018-02-14Boise_State,0,0,0.521550935637234,1,0.5795454545454546,0,0.5071594411351571,0,0.5060573661184778,1,0.517962638120623,0,0.6746093527246486
2018-02-14Bradley,0,0,0.5015404215788535,1,0.5113636363636364,0,0.5261707313268343,0,0.5068195487373173,1,0.5019869035557889,0,0.5038206617803526
2018-02-15App_State,0,0,0.5131664414857949,1,0.5795454545454546,0,0.5317072398881988,1,0.5,1,0.5230790999179552,0,0.8115029069642301
2018-02-15Arizona,0,1,0.5011999225378071,1,0.6136363636363636,1,0.5139836458626986,1,0.5,1,0.5237987212767793,1,0.7027051723020153
2018-02-15Arizona_St,0,0,0.5314221587426102,1,0.5909090909090909,0,0.5136468392472866,1,0.5,0,0.5024129159421034,0,0.8844891182096083
2018-02-15Austin_Peay,1,0,0.5052829180258298,1,0.5227272727272727,0,0.5000441545098874,0,0.506895430323449,1,0.5036836235930958,0,0.5329911805991512
2018-02-15Belmont,1,0,0.539901311425731,1,0.5568181818181818,1,0.5388143268408114,0,0.505179830665616,0,0.5302515777692818,1,0.5087612861771923
2018-02-16Bowling_Grn,1,1,0.505274651908477,1,0.5909090909090909,0,0.541546782043723,1,0.5,1,0.5069887528826019,0,0.5720206012790254
2018-02-16Brown,0,0,0.5158903545296727,1,0.625,0,0.5296075107185916,1,0.5,1,0.5319410298713865,1,0.6181592497548318
2018-02-17AR_Lit_Rock,1,0,0.5223915453228276,1,0.6022727272727273,0,0.5001767720336033,1,0.5,0,0.5163625783037952,1,0.7217951628810443
2018-02-17Air_Force,0,0,0.5104234693490526,1,0.625,0,0.5320252320332567,1,0.5,0,0.5024526087250583,0,0.6320308769769274
2018-02-17Akron,0,0,0.5102740027068162,1,0.6363636363636364,0,0.5117912386618979,0,0.5051863473644811,1,0.5140135197261082,1,0.6023986092706229
2018-02-17Alabama,1,0,0.5020177000128583,0,0.5113636363636364,0,0.5175202232153657,1,0.5,0,0.5022945335437708,1,0.7121203086743337
2018-02-17App_State,0,0,0.5058826727654067,0,0.5113636363636364,0,0.5364054217744181,0,0.5060133281204579,0,0.5025712939698578,0,0.5053808890210298
2018-02-17Arkansas,1,0,0.5266118686222215,1,0.5568181818181818,0,0.5135016446422189,0,0.5058239144385462,0,0.5201581263431607,0,0.7421508042833319
2018-02-17Arkansas_St,1,0,0.540123063662266,0,0.5113636363636364,0,0.5125810191079361,0,0.505407332471963,0,0.5226427657060049,0,0.643235715082463
2018-02-17Auburn,1,0,0.5096535174892061,1,0.5568181818181818,1,0.5043729754098646,0,0.5050897662772189,1,0.5009666385836805,0,0.5005506646559033
2018-02-17Austin_Peay,0,0,0.5082729456035355,1,0.5113636363636364,0,0.5167038283903896,0,0.5083338595720039,0,0.5063782496561353,1,0.5646832502990997
2018-02-17Ball_State,1,0,0.5132716943108864,1,0.5,0,0.5203242543559119,0,0.5065298131300285,1,0.5011616837214984,0,0.5716201598363938
2018-02-17Baylor,0,0,0.5182153370660338,1,0.5568181818181818,0,0.5272954801364391,0,0.5073056250154923,0,0.51381759125168,0,0.5649727913814209
2018-02-17Belmont,1,0,0.5345822194283387,1,0.6363636363636364,1,0.5291418772587233,0,0.5058909620472006,1,0.5023168621394191,0,0.5519799212493812
2018-02-17Boise_State,0,0,0.532830363566142,1,0.5795454545454546,1,0.5211100303008218,0,0.5065365499001697,1,0.5142231806594061,0,0.6563978941742294
2018-02-17Boston_Col,1,0,0.5058598114360333,1,0.5568181818181818,0,0.5016406702429128,0,0.5065355866713562,1,0.5121642390704112,0,0.5569110081219493
2018-02-17Boston_U,0,0,0.5141930607401828,0,0.5227272727272727,0,0.505991516373384,1,0.5,0,0.5185364105402661,0,0.8139157856287612
2018-02-17Bowling_Grn,1,1,0.5042956923926474,1,0.625,0,0.5426440856585262,1,0.5,1,0.5217688270974895,0,0.5702063908415324
2018-02-17Bradley,1,0,0.5100020527597546,1,0.5340909090909091,0,0.5374879369109427,0,0.505796008116078,1,0.5215423988442826,1,0.8292862143923163
2018-02-17Brown,0,0,0.5142526661347131,1,0.625,0,0.5126147933643044,0,0.5060843558221665,1,0.5172846703847644,1,0.7699308212790532
2018-02-19Alabama_St,1,0,0.5187095248848074,1,0.5227272727272727,0,0.5354808761732177,1,0.5,1,0.5241102514068124,0,0.8972876225687672
2018-02-19Alcorn_State,1,0,0.5381240294500274,0,0.5681818181818182,0,0.502701075277263,1,0.5,0,0.5199500494391781,1,0.836963400971979
2018-02-20Akron,1,0,0.5069245830385782,1,0.5909090909090909,0,0.507504309069787,0,0.5057764576359712,1,0.5064107385421729,1,0.5150123514855232
2018-02-20Arkansas,1,0,0.5419248432643806,1,0.5795454545454546,0,0.5164927253295579,0,0.5059405691591675,0,0.5258428918124523,0,0.8391013922462432
2018-02-20Ball_State,0,0,0.526129490377347,0,0.5227272727272727,1,0.5065056609987577,0,0.5061350640081054,1,0.5150370648422892,0,0.7834880907234381
2018-02-20Baylor,0,0,0.5173210236257009,1,0.5454545454545454,0,0.5204492988969183,0,0.5084118487726449,0,0.5221400995075889,1,0.6696055246028004
2018-02-20Boston_Col,0,0,0.5241594090200026,1,0.5681818181818182,0,0.5124519199587447,0,0.506132350266419,1,0.5228178483366591,0,0.5409767313790197
2018-02-20Bowling_Grn,1,0,0.5422234669631036,1,0.5454545454545454,0,0.5164997806695988,0,0.5060845152566937,0,0.5004916065203503,0,0.6502347922446061
2018-02-21Air_Force,0,0,0.5315095374824117,1,0.5340909090909091,0,0.5324973054608758,1,0.5,0,0.5287293525320574,0,0.8802827907207981
2018-02-21Alabama,1,0,0.5131355379772338,1,0.5454545454545454,0,0.5052273601006069,1,0.5,0,0.5092196099672606,1,0.5506138301247206
2018-02-21Auburn,1,0,0.5259414645474498,1,0.5795454545454546,0,0.5190692125871079,0,0.5069605515258093,0,0.5055115537687527,0,0.6352528679630658
2018-02-21Boise_State,0,0,0.504153164001882,1,0.6022727272727273,1,0.5039415333050559,1,0.5,1,0.5015654752685158,1,0.7244360451088777
2018-02-21Bradley,1,0,0.5229981022993679,1,0.5909090909090909,0,0.5362010974640298,0,0.5050962482456061,1,0.5186569701503939,1,0.8577211550532895
