idx,winner,raw_linsvc_prediction,raw_linsvc_confidence,raw_lightgbc_prediction,raw_lightgbc_confidence,raw_knn_prediction,raw_knn_confidence,raw_log_prediction,raw_log_confidence,+pts_log_prediction,+pts_log_confidence
2017-11-10Alabama,1,1,0.646958001017952,1,0.6166460813966747,1,0.5903614457831325,1,0.7100042161593202,1,0.9999749332415592
2017-11-10Arizona,1,1,0.542582074248482,1,0.5866426094364988,1,0.536144578313253,0,0.5554123936255223,1,0.997201034911548
2017-11-10Arizona_St,1,0,0.5602409685730236,1,0.506904573320148,0,0.6024096385542169,1,0.5782897643002533,1,0.9983798297750921
2017-11-10Ark_Pine_Bl,0,0,0.756634364381172,1,0.58578417533822,0,0.7108433734939759,0,0.7885698217334397,1,0.9999976727256416
2017-11-10Arkansas,1,0,0.5103523657897457,1,0.5292121351370969,1,0.5180722891566265,0,0.6243412377772901,1,0.9826293206385756
2017-11-10Arkansas_St,0,1,0.5793958990283066,1,0.5207945211636652,1,0.6204819277108434,0,0.6437723651652287,1,0.9995232871699572
2017-11-10Austin_Peay,0,0,0.6284038504638976,1,0.599977648978067,0,0.6265060240963856,0,0.9151718850115623,1,0.9941029607711984
2017-11-10Ball_State,0,0,0.5490092047889005,0,0.5047094056573926,1,0.5421686746987951,0,0.8240291110481973,1,0.9203365738726395
2017-11-10Belmont,0,1,0.7094092280261272,1,0.679317072592369,1,0.5843373493975904,1,0.5782947409143884,1,0.9998625673855911
2017-11-10Bowling_Grn,1,1,0.6144986913728124,0,0.521669432383127,1,0.6746987951807228,0,0.8954402269997978,1,0.9988161901565534
2017-11-11Akron,1,0,0.5146243983257583,1,0.6207100144355416,0,0.5180722891566265,1,0.766351463283031,1,0.9994135069081586
2017-11-11Bradley,1,0,0.5123409979780408,0,0.5368287415330827,1,0.5602409638554217,0,0.6661261497922846,1,0.9395165365394924
2017-11-11Buffalo,1,0,0.683249380445901,1,0.6236488631552931,0,0.6506024096385542,1,0.8004699704918268,1,0.9983688780876201
2017-11-12Air_Force,1,0,0.6918896891900872,0,0.5761237790823184,0,0.5662650602409639,0,0.6122309191791949,1,0.9889893105346428
2017-11-12Arizona,1,0,0.7755405189876702,1,0.5849009913717995,0,0.6626506024096386,0,0.7174703707510139,1,0.9999779953233185
2017-11-12Ark_Pine_Bl,0,0,0.6963928950951419,1,0.5787351742803903,0,0.6807228915662651,0,0.7801406605447387,1,0.9996244840886778
2017-11-12Arkansas,1,1,0.5322885483112897,0,0.5034892152233574,0,0.5481927710843374,0,0.543901361794917,0,0.9766847336401568
2017-11-12Boise_State,1,0,0.6151143450997623,0,0.53703542790034,0,0.7349397590361446,1,0.825262705331592,0,0.8557464254934393
2017-11-12Bucknell,0,0,0.5919766165755239,0,0.5247342379783102,0,0.536144578313253,0,0.7653969439631749,1,0.9892221825452032
2017-11-13Ark_Pine_Bl,0,0,0.6839234385511492,1,0.583791284608157,0,0.6506024096385542,0,0.7879837706817017,1,0.9923799334032465
2017-11-13Austin_Peay,0,0,0.5886475034880047,1,0.6095193171624774,0,0.572289156626506,0,0.9222624386603618,1,0.992019588866681
2017-11-13Belmont,1,0,0.6179927702858367,0,0.552071295891445,0,0.5421686746987951,1,0.6433754354379858,1,0.7359152674419894
2017-11-13Bowling_Grn,0,0,0.575338009232184,0,0.5455156044137555,0,0.5301204819277109,1,0.558700422104888,1,0.5997817975456049
2017-11-13Brown,1,0,0.5203660504250784,1,0.5025551808848533,1,0.5,0,0.8236846622079614,1,0.9919559774527593
2017-11-14AR_Lit_Rock,0,1,0.5265208045450119,1,0.5372346120737165,0,0.5060240963855421,1,0.6242295182792719,1,0.9999629668878014
2017-11-14Air_Force,1,0,0.7200525552003632,0,0.5574134352557609,0,0.6626506024096386,1,0.567267957417167,1,0.9704631093050068
2017-11-14Alabama,1,0,0.881860688958137,0,0.782861557150024,0,0.9096385542168675,1,0.8255161772584473,1,0.8591148557546112
2017-11-14Arizona_St,1,1,0.6028225422835715,1,0.6412621038567513,1,0.6204819277108434,0,0.6914253290166428,1,0.9123635967344131
2017-11-14Bradley,1,1,0.5072393423274743,1,0.5000455056616571,1,0.5301204819277109,0,0.7674338324671831,1,0.9961651254041995
2017-11-15Ball_State,0,1,0.5,1,0.546468669035227,1,0.5421686746987951,0,0.5649859027927366,1,0.5437197439752915
2017-11-15Buffalo,1,0,0.6656901335453894,1,0.5289476004437423,0,0.6506024096385542,1,0.6343996875172928,1,0.9997403608912439
2017-11-16App_State,0,0,0.7058324671105092,0,0.5956972031024689,0,0.7108433734939759,0,0.5801246458218836,1,0.9984115221700556
2017-11-16Arizona,1,0,0.6400209265869954,0,0.514554493080807,0,0.6204819277108434,1,0.5038267842782401,0,0.9944623881597214
2017-11-16Arkansas_St,0,1,0.5873634590941712,1,0.5567958636210838,1,0.5843373493975904,0,0.7064130198872575,1,0.9999870493010379
2017-11-16Auburn,1,0,0.736912970751623,0,0.5138253809260283,0,0.6506024096385542,0,0.7670622246110168,0,0.8244561488148153
2017-11-16Belmont,1,1,0.5913176871198746,1,0.6093456741240975,1,0.5,0,0.6349160852864453,1,0.9994019812346078
2017-11-16Boise_State,1,1,0.6360625012947716,0,0.5061614664519909,1,0.6927710843373494,0,0.6129946114884235,1,0.9987910618392795
2017-11-17Alabama_St,0,0,0.6790816698030734,1,0.5063321121205604,0,0.6325301204819277,0,0.8906556432788257,1,0.9927281235110617
2017-11-17App_State,0,1,0.5,1,0.6266902228307335,0,0.572289156626506,0,0.6825387294406915,1,0.9415052519272916
2017-11-17Arizona_St,1,1,0.6613813383217504,1,0.6497987811896312,1,0.6144578313253012,0,0.8436220634205817,1,0.916756668324526
2017-11-17Arkansas,1,1,0.5169718381116776,1,0.5248673646973533,1,0.5421686746987951,0,0.7262383590025098,0,0.9027869906099762
2017-11-17Auburn,0,1,0.6689555427762929,1,0.5672286680387241,1,0.5963855421686747,0,0.7541303815044778,1,0.9861312410152673
2017-11-17Boise_State,1,0,0.5394745786485716,1,0.5707833636328817,0,0.5662650602409639,1,0.784957283902394,1,0.8658137717783795
2017-11-17Bradley,0,1,0.6404699139211015,1,0.5575266443224468,1,0.6265060240963856,0,0.7570870030960958,1,0.9998604371866313
2017-11-18Akron,1,0,0.6428336942662469,1,0.5496297763927794,0,0.5662650602409639,0,0.614722448843025,1,0.9949764009298019
2017-11-18Belmont,1,1,0.5134606052086914,1,0.576602805726482,1,0.5903614457831325,0,0.6771810206271698,1,0.9664169631921417
2017-11-18Boston_Col,0,0,0.5392773494747949,0,0.6282615919407601,1,0.5542168674698795,0,0.7189979351165523,0,0.9194120020078657
2017-11-18Bradley,1,1,0.6528088632362063,1,0.6762730549494237,1,0.572289156626506,1,0.591378839107143,1,0.9999441237903537
2017-11-18Bucknell,0,0,0.5452177939578647,1,0.6297564914679062,0,0.6204819277108434,0,0.6051703693779227,1,0.999278898722753
2017-11-19App_State,1,0,0.5935666498314538,0,0.5238394300595017,1,0.5602409638554217,0,0.6067929432515813,0,0.736773649512471
2017-11-19Arizona_St,1,1,0.5649077668955824,0,0.5020504167021966,1,0.572289156626506,0,0.7671600290952507,0,0.8331676940009527
2017-11-19Auburn,1,1,0.6058776004718457,1,0.5915402045352188,1,0.5120481927710844,0,0.7035103556879908,1,0.9987299550813326
2017-11-19Ball_State,0,0,0.610683082292458,0,0.5637059755801339,0,0.5481927710843374,0,0.9183796940424668,0,0.5932563433968794
2017-11-19Belmont,1,0,0.6784383201780904,1,0.5020615484314253,1,0.5240963855421686,0,0.5969874373317685,0,0.8136483891890757
2017-11-19Boise_State,0,1,0.5501884235661842,0,0.568688017876413,1,0.6265060240963856,0,0.6442916966392205,1,0.9956008769620092
2017-11-19Boston_Col,1,0,0.6428353219299598,0,0.5544747816919231,0,0.5240963855421686,1,0.5407172181633837,1,0.9978640094745562
2017-11-19Bradley,1,0,0.6209337502009085,1,0.5261840416187585,0,0.6024096385542169,1,0.5903697725885776,1,0.9999999610235726
2017-11-20AR_Lit_Rock,0,0,0.5289412589317508,1,0.5552296090752797,1,0.5662650602409639,0,0.548863750335389,1,0.999999938352093
2017-11-20Baylor,1,1,0.646628155334454,1,0.5849033045908993,1,0.6204819277108434,0,0.7107991096418849,1,0.9999542653481696
2017-11-20Buffalo,0,1,0.8110334395595717,1,0.6507886164645786,1,0.608433734939759,0,0.9585647011447556,1,0.9334796381148319
2017-11-21Air_Force,0,0,0.5426502731084779,1,0.5528249267451388,0,0.6506024096385542,0,0.5299656681747005,1,0.5664291262636736
2017-11-21Alab_A&M,0,1,0.7862869561614286,1,0.6006732977131239,1,0.6445783132530121,0,0.9816961335667257,0,0.6684750105065549
2017-11-21Alabama,1,0,0.5788645418652854,1,0.6429959637497824,0,0.6204819277108434,1,0.8126064849048683,1,0.9946084633212893
2017-11-21Baylor,1,0,0.7286857560492236,0,0.6320492377041007,0,0.6144578313253012,0,0.5190850178347598,1,0.9467181848094226
2017-11-21Binghamton,0,1,0.6288936674570279,0,0.5505369109715128,1,0.6867469879518072,0,0.5361930540908328,1,0.9379912336596605
2017-11-21Buffalo,1,0,0.6947079821033744,1,0.594370316272504,0,0.5783132530120482,0,0.6290699572631604,1,0.9918760080982016
2017-11-22App_State,0,1,0.5990746442912204,1,0.5945618363304562,0,0.572289156626506,1,0.8086210576459821,1,0.8924164659618523
2017-11-22Arizona,0,0,0.6326745144335433,1,0.5223753287663983,0,0.6445783132530121,1,0.7761063868586292,1,0.9905558664207837
2017-11-22Arkansas_St,0,1,0.5561255501867577,1,0.6000136880157337,1,0.5060240963855421,0,0.8799559200930506,1,0.9999312945859016
2017-11-22Belmont,0,0,0.57381481429008,1,0.5361344707655317,0,0.6204819277108434,1,0.569098644912283,1,0.9999788919488543
2017-11-22Binghamton,1,1,0.6908583345167585,1,0.5658513718877527,1,0.5903614457831325,1,0.8268731965396386,1,0.9999096540455382
2017-11-22Buffalo,0,0,0.6164705852938507,1,0.5492403671490056,0,0.5542168674698795,1,0.5953711318475575,0,0.999499241698912
2017-11-23Arizona,0,0,0.6597274595436414,0,0.5476945216110602,0,0.6746987951807228,1,0.9127157346118174,1,0.9972659378405292
2017-11-23Arizona_St,1,1,0.5575297694608585,1,0.5258587567950691,1,0.5180722891566265,0,0.606702981846402,0,0.9904272503833726
2017-11-23Arkansas,1,1,0.5527786675008127,1,0.5911147253285877,1,0.5783132530120482,0,0.6994088901694926,1,0.6933437367103802
2017-11-24Alab_A&M,0,1,0.7400755422936698,1,0.6460208246007244,1,0.5662650602409639,0,0.8457877124475321,1,0.9998435995531811
2017-11-24Alabama,1,0,0.6720270321424426,1,0.5358098843142545,0,0.6265060240963856,1,0.7808780587295678,1,0.9791937913786641
2017-11-24Arizona,0,0,0.6107986514931723,1,0.5570749352387534,0,0.5060240963855421,0,0.5698670449866572,1,0.9492374861441688
2017-11-24Arizona_St,1,0,0.6380444994666391,0,0.6620575380060105,0,0.5783132530120482,0,0.8821213524168757,0,0.9181060332609869
2017-11-24Ark_Pine_Bl,0,0,0.5651144256117108,1,0.6106633125765639,0,0.6385542168674698,0,0.7133882362110939,1,0.9938034786179706
2017-11-24Arkansas,0,1,0.6483145152102301,1,0.5323727170743837,1,0.5180722891566265,0,0.5722000200312536,0,0.9999971749045692
2017-11-24Arkansas_St,0,1,0.7632923526849341,1,0.627133089119072,1,0.7048192771084337,0,0.5403638999970624,1,0.9999870113394487
2017-11-24Auburn,1,0,0.6578794915448853,0,0.5134385606495891,0,0.6445783132530121,0,0.9353182794156423,0,0.9931691042904126
2017-11-25Akron,0,1,0.5636003056372387,0,0.5125566179870227,1,0.6325301204819277,0,0.9040669178382931,1,0.9942647254190449
2017-11-25Alab_A&M,0,1,0.77318209953672,1,0.6518684392846856,1,0.5963855421686747,0,0.7830911960968565,1,0.9997719551874844
2017-11-25Alabama,0,1,0.756704611720136,1,0.627414346915013,1,0.7469879518072289,0,0.8987704737810451,0,0.5547265533676342
2017-11-25App_State,1,0,0.5202148043766925,0,0.5120130159647452,1,0.5120481927710844,1,0.7402756686978252,0,0.9965138365569981
2017-11-25Ark_Pine_Bl,0,0,0.5859560263999933,1,0.5262085393554552,0,0.6325301204819277,0,0.9498587062663234,1,0.9923281796931381
2017-11-25Ball_State,1,0,0.5834190046172251,0,0.6159001316247543,1,0.5903614457831325,1,0.5508412342187222,0,0.9989624035292646
2017-11-25Boise_State,1,0,0.5617608284758093,1,0.6950194713433484,0,0.608433734939759,1,0.7812470538806492,1,0.9858996390523251
2017-11-25Boston_Col,0,0,0.7280151902328322,1,0.521547810012477,0,0.6807228915662651,1,0.5697155333941383,1,0.9999921617472466
2017-11-25Bradley,1,1,0.5487882655078329,0,0.5213981424756515,1,0.608433734939759,0,0.7774137068822247,1,0.9997824571777235
2017-11-26Air_Force,0,1,0.5053350295987078,0,0.5546926259397016,1,0.5301204819277109,0,0.9032190664899635,1,0.9918075299798725
2017-11-26Arkansas,1,1,0.6210399255961773,1,0.8103960745607255,1,0.5060240963855421,1,0.7016968247660644,1,0.9999595830318148
2017-11-26Austin_Peay,1,1,0.6942154185685547,1,0.5325377531203,1,0.6987951807228916,0,0.7687473034673732,0,0.6270578346401301
2017-11-27Alabama_St,0,0,0.5470298177841302,1,0.59229428995124,0,0.608433734939759,0,0.9813621457526405,0,0.8864633991268103
2017-11-28Akron,1,0,0.6377653878815985,1,0.5631639335993064,0,0.5421686746987951,1,0.52669932216225,1,0.9998721534976925
2017-11-28App_State,0,1,0.591255342923002,1,0.6021109979539467,0,0.5301204819277109,0,0.6606013682434186,0,0.9873318179289446
2017-11-28Baylor,0,1,0.5811181990667633,1,0.557545895875682,1,0.5421686746987951,0,0.8882221176747643,1,0.9999645188158447
2017-11-28Boise_State,1,0,0.8230968677173545,0,0.7244753642604822,0,0.6566265060240963,1,0.6073773341416204,1,0.7110292999228776
2017-11-28Brown,0,0,0.5894421680222789,0,0.5014994612444437,0,0.5602409638554217,0,0.8396183070117036,1,0.9995498459610249
2017-11-29Air_Force,0,0,0.5845070739620116,0,0.673446142944311,1,0.5963855421686747,0,0.735019065303504,0,0.734502067004263
2017-11-29Alabama,1,0,0.5251267136347234,1,0.5677537552023928,0,0.5240963855421686,1,0.7248625964807552,1,0.9998091513283379
2017-11-29Arizona,1,1,0.6836875788648493,1,0.613558191609954,1,0.6204819277108434,0,0.5152864154440135,0,0.9306895899341003
2017-11-29Arkansas_St,0,1,0.7144841924458372,1,0.6447804751643086,1,0.7228915662650602,0,0.798920349343063,1,0.9842165792782726
2017-11-29Auburn,1,0,0.5517836398697495,0,0.5465895471855055,1,0.5120481927710844,0,0.9307024550994362,1,0.8883586353538945
2017-11-29Austin_Peay,0,0,0.5462559321777339,1,0.6269406188803311,0,0.6325301204819277,0,0.9015156062615497,1,0.9817160229783528
2017-11-29Belmont,0,1,0.6594820868459624,1,0.6133623946529537,1,0.5,0,0.6788536612050455,1,0.9866019025706457
2017-11-29Boston_Col,0,0,0.5644467434406549,1,0.613706036182221,0,0.5240963855421686,0,0.5174194517306743,1,0.9999643090381894
2017-11-29Bowling_Grn,1,1,0.5,1,0.5708604921342022,1,0.5180722891566265,0,0.5422942825115854,1,0.5282480034633537
2017-11-29Buffalo,1,1,0.640219345075076,1,0.5615463941021623,1,0.5602409638554217,0,0.8046903519089232,1,0.866658114495271
2017-12-01Boise_State,1,1,0.6460243553436915,1,0.6035058281011643,1,0.7168674698795181,0,0.9041602731450362,1,0.8619910965050354
2017-12-01Bradley,1,1,0.609710382567282,1,0.5427314183076762,1,0.5903614457831325,0,0.5157086949955882,1,0.9998029488842456
2017-12-02AR_Lit_Rock,0,0,0.5254282373560316,1,0.5040102280472227,1,0.5120481927710844,0,0.5141572952457991,1,0.999998408145705
2017-12-02Air_Force,1,0,0.5057945196712326,1,0.5341646122991948,1,0.5963855421686747,0,0.8827592769715519,1,0.999989268014168
2017-12-02Akron,0,1,0.520727221980126,0,0.6055248220173092,0,0.5542168674698795,0,0.7458087843737244,1,0.8549790227690526
2017-12-02App_State,1,1,0.5241933964633628,1,0.5855454010696551,1,0.5240963855421686,1,0.5855517530426806,1,0.8849872614742034
2017-12-02Arizona,1,1,0.7090896857950885,1,0.7188599482416274,1,0.5903614457831325,0,0.7584930863496726,1,0.9917289584970024
2017-12-02Arizona_St,1,1,0.5188174619730299,0,0.5604668258807864,0,0.5481927710843374,0,0.6887608514818572,0,0.9999502325902834
2017-12-02Arkansas,0,1,0.6749543059622752,1,0.721086401609248,1,0.6325301204819277,0,0.8784213251139994,1,0.9455489135044918
2017-12-02Ball_State,1,1,0.5319177746483102,1,0.513211361487578,1,0.5,0,0.7115120803020336,1,0.930895403867679
2017-12-02Baylor,0,1,0.62883906031991,1,0.6787315698055227,0,0.5180722891566265,1,0.6437861438974672,1,0.9998111052393082
2017-12-02Belmont,1,1,0.5647351146895212,1,0.5617508124732831,1,0.5421686746987951,1,0.6668340305074709,0,0.8950103731835498
2017-12-02Buffalo,0,0,0.7314637276482598,1,0.5215985961468035,0,0.6867469879518072,0,0.7849842374926292,1,0.7055904454976001
2017-12-03Alabama,0,1,0.5,1,0.6663173746404762,0,0.5783132530120482,1,0.6559484436212123,1,0.9668543030253199
2017-12-03Auburn,1,0,0.5936478785702752,0,0.563699852397308,0,0.6566265060240963,0,0.6471121227137417,0,0.9996393727127917
2017-12-03Boise_State,1,0,0.5754739653765417,0,0.5691029896502505,0,0.5662650602409639,1,0.7761263541977192,1,0.9952047040931663
2017-12-03Bradley,0,1,0.5915000808420429,1,0.7236828647064448,1,0.5301204819277109,1,0.5198187010960885,1,0.9520115786941191
2017-12-04App_State,0,1,0.5077569709683266,1,0.5923855553071367,1,0.536144578313253,1,0.6361128714930913,1,0.9974830199522339
2017-12-05Arizona,1,0,0.6509387400291687,1,0.5867920918315902,0,0.5240963855421686,0,0.5328194293986597,1,0.9973329686239821
2017-12-05Arkansas,1,1,0.5720779356346622,0,0.5045886753210319,1,0.5120481927710844,0,0.5502244438149446,0,0.9880244257720316
2017-12-05Arkansas_St,0,0,0.648882898185184,1,0.5911193721171288,0,0.5240963855421686,1,0.5610449393558408,1,0.9946104037743229
2017-12-05Ball_State,1,0,0.5843627089996465,0,0.6162304170930009,0,0.5662650602409639,0,0.6307064162653881,1,0.9911179324722756
2017-12-05Bowling_Grn,0,0,0.575303360754477,1,0.5036281842517488,0,0.536144578313253,1,0.6041217550100934,1,0.9424668721359636
2017-12-06Akron,1,0,0.6812716771831223,0,0.5910085960557881,0,0.5421686746987951,0,0.6756288793299128,0,0.5616932473047548
2017-12-06Alabama,1,0,0.6158089577242472,1,0.5458892243378387,0,0.5783132530120482,0,0.5895791102686427,1,0.7196415899297147
2017-12-06Austin_Peay,0,0,0.5690647951719939,1,0.5918455210960725,0,0.5783132530120482,0,0.9008223595913507,0,0.9905768498007356
2017-12-06Brown,0,0,0.7253202317768613,0,0.5181215179586147,0,0.6506024096385542,0,0.8724642921050503,1,0.9999987684385714
2017-12-06Buffalo,1,1,0.6314641168476534,1,0.6825681024096588,0,0.5542168674698795,1,0.6080762390067391,1,0.9999503195186249
2017-12-08Air_Force,0,1,0.5424579359598635,1,0.543710576579535,1,0.6626506024096386,1,0.5013531834925095,1,0.9999457332410083
2017-12-08Arizona_St,1,1,0.648975787592132,1,0.5801989338565654,1,0.5903614457831325,0,0.8651466023751401,0,0.9990603064446142
2017-12-09Akron,1,0,0.6382804516014263,0,0.5074304065228408,1,0.5120481927710844,0,0.8271731968538009,0,0.5980788838756458
2017-12-09Alabama,0,1,0.6777917749536904,1,0.5760392493228801,1,0.6445783132530121,0,0.8962997198043197,1,0.8143914103614888
2017-12-09App_State,0,0,0.5686758840578827,0,0.5376873558825024,0,0.5120481927710844,0,0.6479600174747501,1,0.8872066701696779
2017-12-09Arizona,1,0,0.6278037156021401,1,0.5137282453857239,1,0.5662650602409639,0,0.9414333095522046,0,0.8739918475889256
2017-12-09Ark_Pine_Bl,0,0,0.6197073795333767,1,0.6642607956320483,0,0.6927710843373494,0,0.9041368305044932,1,0.9998670835182629
2017-12-09Arkansas,1,1,0.5,0,0.5343781603851443,0,0.5662650602409639,1,0.7403489299596095,0,0.9989827888215997
2017-12-09Auburn,1,0,0.6320944225480758,1,0.5773252559885047,0,0.6626506024096386,0,0.8868017757497649,1,0.7770462009253976
2017-12-09Ball_State,1,1,0.6457421608861461,1,0.731369448028766,1,0.6626506024096386,0,0.9016494017039408,0,0.7232612649322578
2017-12-09Boise_State,1,0,0.5497627822779841,1,0.5503821627196497,0,0.6024096385542169,1,0.993310921581397,1,0.9998784414653402
2017-12-09Boston_Col,1,1,0.6069964841764645,1,0.5139336619513677,0,0.5060240963855421,0,0.9278439968126633,0,0.5686897758932211
2017-12-09Bowling_Grn,0,1,0.6256639717179667,1,0.5281481551621758,1,0.6144578313253012,0,0.8959427197277209,1,0.944904367732082
2017-12-10Arizona_St,1,0,0.5084169239492232,0,0.515162593149127,1,0.5301204819277109,0,0.9511568853755085,0,0.9764749816004366
2017-12-11Alab_A&M,0,1,0.8297986235259315,1,0.6639977416073166,1,0.5903614457831325,0,0.9131480166727511,1,0.9870291531902301
2017-12-11Bryant,0,1,0.6001182388521614,1,0.621533133712706,0,0.6204819277108434,1,0.6154862229731809,1,0.9352611801056365
2017-12-12Albany,0,1,0.5791290022717583,1,0.6585902832725817,1,0.5,1,0.6437573394598752,1,0.9999764537566548
2017-12-12Boston_Col,1,0,0.5611661054992376,0,0.5639599005079701,0,0.5240963855421686,1,0.641722993254217,1,0.9937629315703436
2017-12-13AR_Lit_Rock,0,1,0.609517349856652,1,0.7020670664926201,1,0.6024096385542169,0,0.5680249749100572,1,0.9999723428781334
2017-12-13Arkansas_St,0,1,0.5240649645319141,1,0.6473404012360343,1,0.5783132530120482,0,0.8517035687455826,1,0.9999643129590445
2017-12-13Belmont,1,0,0.5840133777594262,0,0.5700615557263576,0,0.6445783132530121,1,0.787230123398029,1,0.9898935724866149
2017-12-13Bradley,1,1,0.5633435193768853,0,0.5507423414141985,1,0.5602409638554217,1,0.928797009486603,1,0.9995739420366682
2017-12-14Baylor,1,1,0.5681002478507761,1,0.5714197321557837,1,0.5120481927710844,1,0.7516018335919724,1,0.9999737666511055
2017-12-16App_State,0,0,0.7128519582236423,0,0.5987356809612177,0,0.6746987951807228,0,0.8443837853199812,1,0.5515950534155412
2017-12-16Arizona,1,1,0.5148175785845346,0,0.5387070551900014,1,0.5843373493975904,1,0.7183484092073388,1,0.8834109257265331
2017-12-16Arkansas,1,0,0.5265213392862477,0,0.520887707454116,0,0.5963855421686747,0,0.541175185208316,0,0.5139864426924237
2017-12-16Arkansas_St,1,1,0.7465196058827931,1,0.761479590077288,1,0.7108433734939759,0,0.5472333660192255,1,0.9999977434794634
2017-12-16Auburn,1,0,0.586661618829609,0,0.5544680209784757,0,0.6024096385542169,0,0.7957476434699884,0,0.9575931825397402
2017-12-16Austin_Peay,0,0,0.69163452513364,1,0.5202134418622621,0,0.6867469879518072,0,0.7972043487465779,1,0.9989421243369796
2017-12-16Belmont,1,1,0.5146739334508396,1,0.5915149098410606,0,0.5542168674698795,1,0.8381069402121126,1,0.9966950125799214
2017-12-17Arizona_St,1,1,0.5489072137912628,1,0.5255675077710489,0,0.5240963855421686,0,0.6018014164657036,0,0.5739155619222639
2017-12-18Arizona,1,0,0.7136954703361393,0,0.5995454800561972,0,0.6385542168674698,1,0.7790784393364808,1,0.9993240098044159
2017-12-18Boise_State,0,1,0.7505617840908039,1,0.636287161976179,1,0.7469879518072289,0,0.9519491266226647,1,0.996381712493061
2017-12-19Alabama,1,0,0.6479987450242448,1,0.537642561953649,0,0.6445783132530121,1,0.7852414779635554,1,0.9998568207172178
2017-12-19Arizona_St,1,0,0.565700237623677,0,0.6120587297685391,1,0.5481927710843374,0,0.9525836527844882,0,0.8335363092040565
2017-12-19Arkansas,1,1,0.5514221187931909,0,0.5087685276410192,0,0.5120481927710844,1,0.6839505365581144,1,0.849314802004641
2017-12-19Arkansas_St,0,1,0.662185517927512,1,0.5770947495622346,1,0.5421686746987951,0,0.9582069816413672,0,0.9120498181459616
2017-12-19Auburn,1,1,0.5723758827044368,1,0.5496670202573487,1,0.5,0,0.7917962750707052,1,0.9829219296837729
2017-12-19Austin_Peay,1,1,0.6040184434291923,0,0.6009728544912307,1,0.572289156626506,0,0.8325181236139323,1,0.9337816345681715
2017-12-19Belmont,1,1,0.5564222927644367,1,0.5454203551747882,1,0.5602409638554217,0,0.6808390126838566,1,0.9984612408018174
2017-12-19Buffalo,0,1,0.7891849452300929,1,0.6180328460652006,1,0.5843373493975904,0,0.8147013346792202,0,0.8965869712347135
2017-12-20AR_Lit_Rock,0,1,0.5408218319364693,1,0.6389209027263684,1,0.5301204819277109,0,0.5074614465768263,1,0.9992068429693551
2017-12-20Albany,0,1,0.5897848421095832,1,0.6133675405092798,0,0.5301204819277109,1,0.7106463706096098,1,0.9986749434462594
2017-12-20Bradley,1,0,0.5335835244327789,1,0.6389579027899862,1,0.5180722891566265,1,0.5287770809452138,1,0.9999996537346809
2017-12-21Alab_A&M,0,1,0.5251204022026716,0,0.5433534566104226,0,0.5843373493975904,0,0.970088233885034,1,0.986199046780862
2017-12-21Alabama_St,0,0,0.6397052342055727,0,0.5577080928619671,0,0.6506024096385542,0,0.5971082114858148,1,0.9498689216038589
2017-12-21American,0,0,0.5928196146997121,0,0.6442079176801023,0,0.5602409638554217,0,0.9731269134861765,1,0.998856487461801
2017-12-21Arizona,1,0,0.5737046845716276,0,0.5444753260108965,0,0.5120481927710844,0,0.5004756534869186,1,0.7913160797287293
2017-12-21Bowling_Grn,1,1,0.5881368380846437,1,0.615923851140678,1,0.572289156626506,0,0.7406748929316707,1,0.9151741841999497
2017-12-21Buffalo,0,1,0.7810089682400646,1,0.5209838303949735,1,0.6265060240963856,0,0.8708780559504258,0,0.9974755900610115
2017-12-22Akron,0,1,0.6196956935446573,0,0.5763959786913115,1,0.5662650602409639,0,0.9739907489759695,1,0.5881859135912874
2017-12-22Alabama,0,0,0.5802219950312019,0,0.5280640582117584,0,0.5662650602409639,1,0.6740942217544503,0,0.9872113464765611
2017-12-22Alabama_St,0,0,0.7307186370903013,0,0.5816409230338917,0,0.6626506024096386,0,0.6952622434278276,1,0.999193138977572
2017-12-22Arizona_St,1,1,0.6315942393616737,1,0.6415757977779287,1,0.6024096385542169,0,0.5521357011740146,0,0.9850198695184668
2017-12-22Austin_Peay,0,1,0.514780703426057,0,0.6058566818303104,1,0.6325301204819277,0,0.8986231970584937,1,0.7810662880781052
2017-12-22Beth-Cook,0,0,0.6084779150319958,0,0.5106132431529875,1,0.5421686746987951,1,0.5857792522461402,1,0.9999962866787465
2017-12-22Bradley,0,1,0.5208190953820223,1,0.6398099114287923,1,0.5120481927710844,0,0.7104278528505397,1,0.9979778672897737
2017-12-22Brown,1,0,0.6876467087637297,0,0.686734545642986,0,0.6325301204819277,0,0.6971046999866459,1,0.9997699633545387
2017-12-22Bryant,0,0,0.5915402873488579,1,0.7209071735196033,0,0.5963855421686747,0,0.8098241105066132,1,0.9999999983720895
2017-12-25Akron,0,0,0.64368659792352,0,0.6018419687738641,1,0.5602409638554217,0,0.9526006975432569,1,0.9998972307471541
2017-12-27Air_Force,0,0,0.5838491081257167,0,0.558449442477656,1,0.536144578313253,0,0.7467214096435628,1,0.999487470600592
2017-12-27Arkansas,1,0,0.6122524119034042,0,0.5616063502820117,0,0.5120481927710844,0,0.76446078094412,0,0.9796006152475717
2017-12-27Boise_State,1,0,0.569197615501241,1,0.5335132063838128,0,0.5060240963855421,1,0.7684619937215992,0,0.553180634480416
2017-12-28Austin_Peay,1,1,0.699557640360868,1,0.5648934806005178,1,0.6626506024096386,1,0.6533256324925439,1,0.9903765781686903
2017-12-28Belmont,1,1,0.5756613932421812,1,0.5845760904091107,1,0.6807228915662651,0,0.625003709861943,1,0.9999989598704774
2017-12-28Bradley,0,0,0.5549053205173134,1,0.5687631610332523,1,0.5662650602409639,0,0.824133933924079,1,0.9999996032294902
2017-12-29AR_Lit_Rock,0,1,0.5181982828514453,1,0.512163415541691,1,0.5,0,0.8736194923408065,0,0.9420833784524976
2017-12-29App_State,1,0,0.5959658498700595,0,0.5358229749648729,0,0.5060240963855421,1,0.5278526126225592,1,0.8996368756191576
2017-12-29Arkansas_St,1,0,0.6847470778419479,0,0.5460866279042714,0,0.5421686746987951,1,0.6160054115881257,1,0.9956588543008614
2017-12-29Baylor,0,1,0.6804836113178276,1,0.7569133404143863,1,0.5843373493975904,1,0.5654732998267087,1,0.9993416133080217
2017-12-30Air_Force,0,0,0.6334991846523371,0,0.5844111935890833,0,0.5662650602409639,0,0.7513740036020181,1,0.9999660697243288
2017-12-30Alabama,1,0,0.6586115048175138,1,0.6681109703652381,0,0.6024096385542169,0,0.6807245550054357,1,0.9955820767171971
2017-12-30Arizona,1,0,0.6623809311125858,0,0.5998497250279073,0,0.6506024096385542,1,0.5869425326184088,0,0.6899877233217393
2017-12-30Arizona_St,0,0,0.5464823672701495,1,0.5183079183892084,0,0.5180722891566265,0,0.9641884614076094,0,0.798800944080494
2017-12-30Arkansas,1,1,0.5694638458337702,1,0.589406025339494,0,0.5421686746987951,1,0.566584857976883,0,0.9909223711998575
2017-12-30Auburn,1,0,0.7430060197291349,0,0.7066162178635939,0,0.7108433734939759,0,0.5798601703987952,0,0.9994814014193435
2017-12-30Austin_Peay,1,1,0.6671200552143163,1,0.5767418326388646,1,0.6204819277108434,0,0.7436663091504523,1,0.999739606937518
2017-12-30Belmont,1,1,0.7506102307948386,1,0.7069140215223747,1,0.7228915662650602,0,0.789248025769373,1,0.9999940694819436
2017-12-30Boise_State,1,1,0.6984573841397245,1,0.6846480044942845,1,0.572289156626506,0,0.7212892690448215,1,0.9987113271294927
2017-12-30Boston_Col,0,0,0.7188027916280593,0,0.6427568684834359,0,0.5843373493975904,0,0.5811051026377114,1,0.9995721524488529
2017-12-30Brown,0,0,0.6897123339249465,0,0.6709611447187511,0,0.5301204819277109,0,0.8922232211582559,0,0.7517934890562284
2017-12-31AR_Lit_Rock,1,0,0.5650147041479887,0,0.5087131234790486,0,0.5060240963855421,0,0.635713673278093,1,0.9997038365284574
2017-12-31App_State,1,1,0.5171546920123541,1,0.5112654444963805,1,0.5542168674698795,1,0.591667898744154,0,0.5054863755722707
2017-12-31Arkansas_St,0,0,0.56000627633844,1,0.5241484777008903,0,0.536144578313253,0,0.787882190987325,0,0.9148947436421586
2017-12-31Bradley,1,0,0.5145563449476385,0,0.5731474091248887,1,0.572289156626506,1,0.8090832426889433,1,0.9992260001466299
2018-01-02Akron,0,1,0.5957023604931249,1,0.6454407447614701,1,0.5903614457831325,0,0.8316004883415506,1,0.999976585219531
2018-01-02Alabama,0,1,0.7788926004347879,1,0.73334566215456,1,0.7228915662650602,0,0.5133138781305382,1,0.9997612366516929
2018-01-02Arkansas,0,1,0.5894195050530049,1,0.7650586820416782,0,0.5060240963855421,1,0.7016451349228622,1,0.8132650875829828
2018-01-02Auburn,1,1,0.6756359012282833,1,0.6348498905072366,1,0.6204819277108434,0,0.807755417116832,0,0.9595391356096465
2018-01-02Ball_State,1,1,0.6137799791995061,1,0.558932056904162,1,0.5662650602409639,0,0.5770610736255357,1,0.9562345400357966
2018-01-02Baylor,0,1,0.5348608079713364,1,0.5543638912008053,1,0.5662650602409639,0,0.9670768394897181,1,0.9807527890107214
2018-01-02Bowling_Grn,0,0,0.58713749174821,0,0.6061074943185643,1,0.5180722891566265,1,0.6457025871249051,0,0.9909589518077306
2018-01-03Boise_State,1,0,0.6374436594086542,0,0.5439839419573498,0,0.5120481927710844,1,0.8765965874672822,1,0.8992572487766232
2018-01-03Boston_Col,0,1,0.5235202926918803,0,0.5408162377747621,1,0.5602409638554217,0,0.5452693342489561,1,0.7527140941791992
2018-01-03Bradley,1,1,0.6939635966199439,1,0.7024961871624837,1,0.6325301204819277,0,0.9073800839872346,1,0.9995682608146577
2018-01-04AR_Lit_Rock,0,1,0.5463764765258298,1,0.5279751557630316,1,0.5843373493975904,0,0.6643762828672839,1,0.9998769759726617
2018-01-04App_State,0,1,0.5652669838815335,1,0.6580134036382868,0,0.5963855421686747,0,0.5441203276911677,1,0.5321899489836543
2018-01-04Arizona,1,0,0.5659463938446151,0,0.5128193728739903,1,0.5301204819277109,0,0.6733185987806103,1,0.9999595546825579
2018-01-04Arizona_St,0,1,0.5782216863652829,1,0.562306556364418,1,0.5421686746987951,0,0.5092743822641927,0,0.9938820068400346
2018-01-04Arkansas_St,0,1,0.6831414714043611,1,0.6656957963417869,0,0.5120481927710844,0,0.5227024460924041,1,0.9999301020319366
2018-01-04Austin_Peay,1,1,0.5616797895870682,1,0.5455388647760306,1,0.6144578313253012,0,0.8271893669820434,1,0.9999886108182967
2018-01-04Belmont,1,0,0.5187167242568602,1,0.5232998577766966,0,0.5662650602409639,1,0.7893126830360465,1,0.9620025823609191
2018-01-05Akron,0,0,0.5060938499034348,0,0.613785529031321,1,0.572289156626506,0,0.9902889258561535,1,0.9989745183201771
2018-01-06AR_Lit_Rock,0,1,0.6475831380367485,1,0.6995700248371505,0,0.536144578313253,1,0.6333693315270662,1,0.999982711129906
2018-01-06Air_Force,0,0,0.7830448513747499,0,0.7363674917304843,0,0.7108433734939759,0,0.7515466472421759,1,0.9509951841017099
2018-01-06Alabama,0,1,0.7705291915866995,1,0.7040373656749034,1,0.6204819277108434,1,0.5389377218243391,1,0.9999656457819882
2018-01-06App_State,1,1,0.5523236140845743,1,0.5439984397772014,1,0.5301204819277109,1,0.5548747445360223,1,0.9916813437319187
2018-01-06Arizona,0,1,0.5810482802388351,1,0.535689058321474,1,0.572289156626506,1,0.6930368604421474,1,0.5722390971087591
2018-01-06Arkansas,0,1,0.6123951363415769,1,0.624056005516709,1,0.6325301204819277,0,0.9472508053732593,0,0.9995084423469376
2018-01-06Arkansas_St,0,1,0.6148120145508957,1,0.5450216666643024,1,0.6385542168674698,0,0.7676444263153488,1,0.997869591361299
2018-01-06Auburn,1,0,0.684862072513904,0,0.6129663665770004,0,0.7168674698795181,0,0.6339021841253991,0,0.999918936106658
2018-01-06Austin_Peay,1,0,0.5242826592646938,0,0.6497661403413766,1,0.5240963855421686,0,0.7249847705311074,1,0.99864957704478
2018-01-06Ball_State,0,0,0.509387387651499,1,0.5227277222593282,1,0.5120481927710844,1,0.7798614665497102,0,0.7021246296355159
2018-01-06Baylor,1,1,0.649821952629122,1,0.5955225251645789,1,0.608433734939759,1,0.6303686765714991,1,0.9957685298036947
2018-01-06Belmont,0,1,0.5314496316403637,1,0.648012982950389,1,0.5180722891566265,0,0.5571170057206433,1,0.9994754199333293
2018-01-06Boise_State,0,1,0.5193511821481642,0,0.5052280362881396,1,0.6746987951807228,1,0.7945923280106799,0,0.9174963052521656
2018-01-06Boston_Col,1,1,0.5664300215269493,0,0.5618366656547256,1,0.5602409638554217,0,0.8630102237268606,1,0.896637915037281
2018-01-06Bowling_Grn,1,0,0.5307940427279243,1,0.5182289913043283,1,0.5481927710843374,0,0.7623193599251572,1,0.9996522004583448
2018-01-06Bradley,0,0,0.5904037999235889,1,0.5931939116589936,0,0.5903614457831325,1,0.5018968253305748,1,0.999978310224177
2018-01-07Arizona_St,1,0,0.6093114177016428,1,0.5372841031173213,0,0.5481927710843374,0,0.919899104905356,1,0.9020032444542866
2018-01-08Bucknell,1,0,0.5989148176515448,1,0.7860906225537135,0,0.5903614457831325,0,0.9627113357775252,1,0.9999970098888383
2018-01-09Akron,0,0,0.6110215925584634,0,0.5010565691063593,0,0.5783132530120482,1,0.5826893920912519,1,0.8526001695102264
2018-01-09Alabama,1,0,0.5384673686429917,1,0.6738175830235646,0,0.6265060240963856,1,0.8135533753373785,0,0.8976700102313573
2018-01-09Auburn,1,0,0.65039903789392,0,0.5448798468294379,0,0.7108433734939759,0,0.5525214159212573,0,0.9996267447667949
2018-01-09Ball_State,1,0,0.6246228929195804,0,0.5700763990037575,0,0.5662650602409639,1,0.7260823526658717,1,0.7963285552817463
2018-01-09Baylor,0,1,0.8022813047211284,1,0.7272016180198757,1,0.5903614457831325,0,0.7956043737611818,1,0.9371654870521586
2018-01-09Boise_State,1,1,0.556566590917456,0,0.510552999788134,1,0.6385542168674698,1,0.6537773684189915,1,0.9826210682297015
2018-01-09Boston_Col,0,1,0.5995378362691961,1,0.728864803107743,1,0.5783132530120482,0,0.7839085760172294,0,0.8825210648185134
2018-01-09Bowling_Grn,1,1,0.5219067511755485,0,0.5007747957980992,1,0.5783132530120482,0,0.8399210749676825,0,0.9879029568618801
2018-01-09Bradley,1,1,0.5642627124534924,0,0.5392891682491061,1,0.5120481927710844,1,0.8259789044060146,1,0.9985163372341834
2018-01-10Air_Force,0,0,0.6068488749986249,0,0.5884673473034528,0,0.6566265060240963,0,0.9682134381229185,1,0.975660707715575
2018-01-10Arkansas,0,0,0.5962373645467275,0,0.5808934112479682,0,0.6265060240963856,0,0.6647828498402371,0,0.9336823940365209
2018-01-11AR_Lit_Rock,1,1,0.5999436317839663,1,0.6598266455946775,0,0.5060240963855421,0,0.5953053689923986,1,0.6202368206327772
2018-01-11App_State,0,0,0.5212618499530026,1,0.5055003753376439,1,0.5301204819277109,1,0.520285780709276,0,0.7407387786611607
2018-01-11Arizona,1,0,0.5890797346947539,1,0.5158680952882977,1,0.536144578313253,0,0.6657983814028365,1,0.9849237574500754
2018-01-11Arizona_St,0,1,0.5306482048502957,0,0.5049574280278192,0,0.5120481927710844,0,0.5469274464572691,0,0.9956507882853783
2018-01-11Arkansas_St,0,0,0.6443380086978472,1,0.57293270700462,0,0.5662650602409639,0,0.5923733818079776,1,0.994908571470554
2018-01-11Army,1,0,0.6775928123123864,0,0.5008956407837888,0,0.7590361445783133,1,0.9723110331353825,0,0.9993968386433169
2018-01-11Austin_Peay,0,0,0.6430799110149547,1,0.5672062549384759,0,0.5240963855421686,0,0.8410830263680844,1,0.9993644835908385
2018-01-11Belmont,1,1,0.6463130772087302,1,0.771752226033199,1,0.7349397590361446,0,0.8357825065916323,1,0.9999999926112608
2018-01-12Brown,0,0,0.6614621936371299,0,0.5247438289135979,0,0.5783132530120482,1,0.6163104035876312,1,0.9999665517525608
2018-01-13AR_Lit_Rock,0,1,0.5,1,0.5661611730198804,0,0.5180722891566265,0,0.6380990435419014,1,0.9999584330228348
2018-01-13Air_Force,1,0,0.6281273146953502,0,0.513485730356889,1,0.6867469879518072,0,0.9548006150326211,1,0.9999999932048005
2018-01-13Akron,1,0,0.6241282564069544,0,0.527893745609348,0,0.608433734939759,0,0.5847361097915709,0,0.7725090541475892
2018-01-13Alabama,1,1,0.7384838041291744,1,0.6803299359717021,1,0.6867469879518072,0,0.8419831911585054,1,0.999963355622685
2018-01-13App_State,0,1,0.5235319751662731,0,0.5042312966524441,1,0.5481927710843374,0,0.7400355433309046,0,0.6806914422838659
2018-01-13Arizona,1,0,0.6110637649120126,0,0.5546149012765689,0,0.6024096385542169,1,0.6423696813756321,1,0.9611566276363681
2018-01-13Arizona_St,1,1,0.6089966862342394,1,0.5763911151158928,1,0.5421686746987951,0,0.8257087790752936,0,0.9274481938300656
2018-01-13Arkansas,1,0,0.5667970983985663,0,0.5424815418199547,1,0.5060240963855421,0,0.9946376254588135,0,0.8492670568624949
2018-01-13Arkansas_St,0,0,0.5628949361420081,1,0.6241412977181635,1,0.5301204819277109,0,0.6240722850142484,0,0.9464350006810682
2018-01-13Auburn,1,1,0.7077594576724181,1,0.7970221306794295,1,0.5662650602409639,1,0.7698762852164976,1,0.9913630327503019
2018-01-13Austin_Peay,1,0,0.5130548774111668,1,0.6591141870332362,0,0.5120481927710844,0,0.9523662561426278,1,0.9999166615566348
2018-01-13Ball_State,0,1,0.6238294983884454,1,0.6816889400502794,1,0.6385542168674698,0,0.6118721905669904,1,0.9999553201970306
2018-01-13Baylor,0,1,0.6298461963299596,1,0.6440097995651238,1,0.6024096385542169,0,0.5930754788913719,1,0.9997624948733459
2018-01-13Belmont,1,1,0.7519572831739404,1,0.7355620849511705,1,0.8012048192771084,1,0.5404773821222532,1,0.9999991630218596
2018-01-13Boise_State,1,0,0.532259061575384,1,0.5859448362290334,1,0.536144578313253,1,0.7277690585054605,0,0.969826552996387
2018-01-13Boston_Col,1,1,0.5996119890493603,0,0.6231251745372031,0,0.5060240963855421,1,0.5018607956708495,0,0.9885508278114551
2018-01-13Bowling_Grn,0,0,0.5351191723740802,0,0.5907406467836842,1,0.5963855421686747,0,0.7232019029638155,1,0.9795959741320023
2018-01-13Bradley,0,0,0.6478552268370066,0,0.5873089175515906,1,0.572289156626506,0,0.7997630253735248,1,0.9999844052661214
2018-01-14Army,1,1,0.6874158009312732,0,0.5340917440808692,1,0.5602409638554217,1,0.6330416217783731,0,0.959379100091299
2018-01-15Baylor,1,1,0.7003628419455283,1,0.6550471531522541,1,0.6144578313253012,1,0.531519387822154,1,0.9784688591398168
2018-01-15Boston_Col,1,1,0.6804650784707673,1,0.5711038579362847,1,0.6987951807228916,0,0.9755954167846436,0,0.9974196141443061
2018-01-15Bucknell,1,0,0.5783113844680686,1,0.733901823661508,0,0.5963855421686747,1,0.669715560746412,1,0.9998384047930186
2018-01-16Akron,0,0,0.50608811793884,1,0.5173448978885576,0,0.5963855421686747,0,0.8798039490287197,1,0.9999996871116528
2018-01-16Ball_State,1,1,0.5459295788932218,0,0.5147149051787273,1,0.5542168674698795,0,0.6162874865395425,1,0.9707628880162655
2018-01-16Bowling_Grn,1,1,0.5115180048491936,1,0.5932990239854667,1,0.6506024096385542,0,0.906071620205647,1,0.9492390371301772
2018-01-17Air_Force,1,1,0.5671066796704483,1,0.6319816892959805,1,0.5542168674698795,0,0.8766161457055361,1,0.9999985400667191
2018-01-17Alabama,1,0,0.6379430014819911,1,0.6174012995334285,0,0.7108433734939759,1,0.6681594730834319,0,0.6858012954192636
2018-01-17Arizona,1,1,0.6643381861320433,1,0.6664460219151784,1,0.5843373493975904,1,0.5508623849618813,1,0.9018050112494619
2018-01-17Arizona_St,0,1,0.5720295034476842,1,0.5939401153167381,1,0.5,0,0.7100945547509102,0,0.8623190671598819
2018-01-17Arkansas,0,0,0.5507468105658924,1,0.6157155608726153,0,0.5843373493975904,1,0.5410278064509495,1,0.988197981413625
2018-01-17Auburn,0,1,0.6084203797069405,1,0.6260994809379232,0,0.5903614457831325,1,0.8383540012950228,1,0.8817816061190391
2018-01-17Boise_State,1,0,0.7358500253996106,0,0.5727926146604486,0,0.6144578313253012,1,0.8672142333833963,1,0.9818293412491921
2018-01-17Bradley,0,0,0.6281840318967348,1,0.5031594231078387,0,0.5662650602409639,0,0.7099710260630749,1,0.9995843049945592
2018-01-18Austin_Peay,0,0,0.5856548914660609,1,0.631659440429887,1,0.5481927710843374,1,0.5983587772321317,1,0.9997855089591782
2018-01-18Belmont,1,0,0.614564998463636,1,0.5105143447396427,0,0.5903614457831325,1,0.546002361788136,1,0.9979585142433873
2018-01-19Brown,1,0,0.5331016978570238,0,0.542407362467756,1,0.536144578313253,0,0.9345053156321612,1,0.6754059291678505
2018-01-20AR_Lit_Rock,0,1,0.5862084273297268,1,0.5097293083975172,1,0.5542168674698795,0,0.7410508529218705,1,0.9530622319835258
2018-01-20Akron,1,0,0.5604665366139524,1,0.514826899564099,0,0.5662650602409639,0,0.6312106847547952,1,0.9617955208796298
2018-01-20Alabama,1,1,0.5152806982841371,1,0.61427923786962,1,0.572289156626506,0,0.791747129158438,0,0.8997782885559037
2018-01-20App_State,0,0,0.6301608331760864,1,0.6029304072437851,0,0.5421686746987951,1,0.8537772474559167,1,0.9933512255620744
2018-01-20Arizona,1,1,0.5466366289969024,0,0.5453047440520886,1,0.6204819277108434,0,0.5272464312353453,1,0.8075688056162266
2018-01-20Arizona_St,1,1,0.7044140065063981,1,0.6575771336433769,1,0.5662650602409639,0,0.594561749467604,0,0.7389724311724264
2018-01-20Arkansas,1,0,0.5573462100124882,0,0.5184136246443696,0,0.6144578313253012,0,0.5968121925079499,0,0.932987572078551
2018-01-20Arkansas_St,1,1,0.6470189590700467,1,0.5206623588108659,1,0.6626506024096386,0,0.9448178434695439,1,0.9999912310034523
2018-01-20Auburn,1,1,0.5124841949288319,1,0.5806364301728335,0,0.536144578313253,0,0.6987683137391865,1,0.8273334122012792
2018-01-20Austin_Peay,0,0,0.8124327472586128,0,0.6055490858533548,0,0.6927710843373494,0,0.8484298356351011,1,0.9999978415176055
2018-01-20Ball_State,0,1,0.5291937917740948,1,0.6905518633215619,1,0.7048192771084337,0,0.7996243731379142,1,0.999921646155265
2018-01-20Baylor,0,1,0.6757543676568555,1,0.5968327317696629,1,0.6445783132530121,0,0.9107941172508854,1,0.9998285220491171
2018-01-20Belmont,1,1,0.6167654440756196,1,0.5989402184855155,1,0.6024096385542169,0,0.8484768068293892,1,0.9889449337435131
2018-01-20Boise_State,0,1,0.5863366536764921,0,0.5741807873605402,1,0.6927710843373494,0,0.8702918546405501,1,0.9913673797902061
2018-01-20Bowling_Grn,0,1,0.5489543604672081,1,0.5416714822246073,1,0.572289156626506,0,0.7200065572523413,0,0.9253099494314355
2018-01-20Bradley,1,1,0.5752415340579136,0,0.5196086155389368,1,0.5542168674698795,1,0.6321617880032391,1,0.9731045347762497
2018-01-21Boston_Col,0,0,0.5189003414969622,1,0.6506084315331397,0,0.5240963855421686,1,0.5204867943054626,1,0.9921817888716654
2018-01-22American,0,0,0.6049177738897804,0,0.5631799559471578,1,0.5240963855421686,0,0.9268055449438557,1,0.9997182283926931
2018-01-22App_State,0,0,0.5890716375961764,1,0.5463459894054301,0,0.6626506024096386,0,0.7898131082878661,1,0.9999985645842154
2018-01-22Baylor,0,0,0.524351750432389,1,0.565627452956747,1,0.5783132530120482,0,0.7818557723085553,1,0.9999996813394888
2018-01-23Akron,1,0,0.7221131980529438,0,0.6176600370328573,0,0.6325301204819277,0,0.6935657861341628,0,0.7667095305147243
2018-01-23Alabama,0,1,0.7484157119248901,1,0.6337692584868867,1,0.7108433734939759,1,0.5839204973555201,1,0.966699101327548
2018-01-23Arkansas,1,1,0.5803468913749054,1,0.6205142113663541,0,0.5421686746987951,1,0.6219468391050972,1,0.9999866769345522
2018-01-23Ball_State,0,1,0.6964830758873839,1,0.7567971767859848,1,0.6204819277108434,1,0.6066132975583454,1,0.9991689791318406
2018-01-23Bowling_Grn,0,1,0.6652905787710147,1,0.7843753354943374,1,0.6867469879518072,0,0.6727348505433808,1,0.9989713342088211
2018-01-23Bradley,1,1,0.7488286577162913,1,0.5623908772304328,1,0.5903614457831325,0,0.7512078014456458,1,0.9998436231535506
2018-01-24Air_Force,0,0,0.5328657928288172,0,0.6409604973189515,1,0.6024096385542169,0,0.9709565970893628,1,0.9999867380776588
2018-01-24Auburn,1,1,0.5085739630983745,1,0.5283668822765362,0,0.6686746987951807,1,0.6536817339985984,1,0.9996855462561538
2018-01-24Boise_State,1,0,0.525801519685035,0,0.5073289824603158,0,0.536144578313253,1,0.9764500163788383,1,0.9038727325482415
2018-01-24Boston_Col,0,1,0.5911714214420467,1,0.6993092000852749,1,0.5662650602409639,1,0.5705012342078132,1,0.9934668105808935
2018-01-25AR_Lit_Rock,0,1,0.5411646119539797,1,0.5607782900944187,1,0.5662650602409639,0,0.6065015132496211,1,0.999993638758504
2018-01-25App_State,1,0,0.668501166589631,0,0.6141026379705519,0,0.5180722891566265,1,0.621845449327967,1,0.9999934822596154
2018-01-25Arizona,1,0,0.6530536916801839,0,0.5131698230471259,0,0.5783132530120482,1,0.5923308984314155,1,0.99477249060018
2018-01-25Arizona_St,0,1,0.5,0,0.5487951870835404,0,0.5301204819277109,0,0.6675242804411806,0,0.6466158320226332
2018-01-25Arkansas_St,0,1,0.6207754114991051,1,0.6243090093622793,1,0.6144578313253012,0,0.9053929907604678,1,0.9999911015113008
2018-01-25Austin_Peay,1,1,0.510495426421432,0,0.5301923293725757,0,0.5120481927710844,1,0.7572908149520334,1,0.9999352923171987
2018-01-25Belmont,1,1,0.5873557340848586,1,0.6168661775191814,1,0.5240963855421686,1,0.8575820584716658,1,0.9998338172619377
2018-01-26Brown,1,0,0.5438256681676783,0,0.7569536658300439,0,0.5963855421686747,0,0.651654812065656,0,0.9998807475794189
2018-01-27AR_Lit_Rock,0,1,0.6669483200241118,1,0.6960218207685102,1,0.6506024096385542,0,0.8123769758650508,1,0.9999969241171263
2018-01-27Air_Force,0,0,0.7860540829194008,0,0.8020621904011347,0,0.608433734939759,0,0.957215973771954,0,0.9734252329153348
2018-01-27Akron,0,0,0.5308041110239001,0,0.5420119342935112,1,0.5120481927710844,0,0.867522871044498,1,0.999795337523829
2018-01-27Alabama,1,0,0.6536013602190389,0,0.5180675361809803,0,0.6204819277108434,0,0.6250509723806397,0,0.9645615293218188
2018-01-27App_State,0,1,0.5305919976475479,1,0.5631202396363968,1,0.5542168674698795,1,0.6231460415565492,0,0.7290953809917057
2018-01-27Arizona,1,0,0.701319337025765,0,0.6505093416819053,0,0.7168674698795181,1,0.6406501134503497,1,0.9985461587760049
2018-01-27Arizona_St,1,0,0.547495539405591,1,0.5067353745779481,1,0.5240963855421686,0,0.8510167031650904,0,0.5995134570227008
2018-01-27Arkansas,1,1,0.5542217665899326,1,0.5642664484114754,1,0.5180722891566265,0,0.6685316381070179,0,0.9920237201077385
2018-01-27Arkansas_St,1,1,0.5792132107848191,1,0.5467271055781265,1,0.5843373493975904,0,0.5954099642373645,1,0.9991114087677221
2018-01-27Auburn,1,0,0.6817630584849356,0,0.5852048174123018,0,0.7710843373493976,0,0.5704655563193294,0,0.9290262621502169
2018-01-27Austin_Peay,1,1,0.7140490144338724,1,0.6112009934057675,1,0.7048192771084337,0,0.8528999984360315,1,0.9986659217491066
2018-01-27Ball_State,1,1,0.5137429748309135,1,0.5457835286445079,1,0.5843373493975904,1,0.7344619775094644,1,0.999508944229201
2018-01-27Baylor,0,1,0.6860974390760103,1,0.7114707120962035,0,0.5060240963855421,1,0.5763182987801037,1,0.9999299773151085
2018-01-27Belmont,1,0,0.5294618370083081,1,0.50761647698273,0,0.536144578313253,1,0.9271090381969836,1,0.999059641925016
2018-01-27Boise_State,1,1,0.7088627992172805,1,0.5110344857959923,1,0.8012048192771084,0,0.7267203329865172,1,0.9999057066879434
2018-01-27Bowling_Grn,0,0,0.6297172095240967,0,0.7138575092984445,0,0.5180722891566265,0,0.9418334057154671,1,0.9229436776676364
2018-01-27Brown,0,1,0.5,0,0.5715906675550004,1,0.6204819277108434,0,0.567478227930241,0,0.8927936456038447
2018-01-28Boston_U,0,1,0.5255209425348059,0,0.5311056123501782,1,0.5903614457831325,1,0.5175845443315169,0,0.6463635178565055
2018-01-28Bradley,1,0,0.5383473058359561,1,0.5085136122478026,1,0.5240963855421686,1,0.6179292865385679,1,0.933305998924219
2018-01-28Bucknell,1,1,0.5,1,0.6927231623606654,1,0.5662650602409639,0,0.8462225353696187,1,0.9110001681088385
2018-01-30Akron,0,1,0.5202430816301395,1,0.5659145096588621,1,0.6144578313253012,0,0.9093105920648239,1,0.9995585969445872
2018-01-30Arkansas,0,1,0.7101764996121198,1,0.5185455060053299,1,0.6566265060240963,0,0.8513902528395487,1,0.7118058724009304
2018-01-30Auburn,1,1,0.5816808538982605,1,0.5795695473110547,1,0.5301204819277109,0,0.5248078686325834,1,0.6216582179946102
2018-01-30Ball_State,1,0,0.5966847253842771,0,0.6819743152046536,0,0.5060240963855421,0,0.9122293283480857,1,0.5357605622207928
2018-01-30Baylor,0,1,0.6316657267125264,1,0.6506947653341557,1,0.5301204819277109,0,0.8361686293935816,1,0.7924365194920844
2018-01-30Bowling_Grn,1,0,0.6785094609887719,0,0.6426884138075777,0,0.5180722891566265,0,0.72433095730257,0,0.9808341092040186
2018-01-31Alabama,0,0,0.5873273487455499,1,0.5754257770896731,1,0.5180722891566265,0,0.8416814489359737,1,0.9978660714817834
2018-01-31Arizona,1,0,0.6404767587061247,0,0.5127143505309268,1,0.5180722891566265,1,0.7450174496750237,1,0.9999995977598696
2018-01-31Boston_Col,0,0,0.6888984381276848,0,0.6947342778846259,0,0.5180722891566265,0,0.8267960974054566,1,0.934395596484949
2018-01-31Bradley,1,0,0.6520875975071683,0,0.6774430992021951,0,0.5662650602409639,1,0.6143399257060727,1,0.9985238355950291
2018-02-01AR_Lit_Rock,0,1,0.5653704020659099,1,0.5149702782320192,1,0.572289156626506,0,0.8278257621582341,1,0.9965783646908006
2018-02-01App_State,0,0,0.5175761313499206,0,0.550317214981688,0,0.5662650602409639,0,0.7927593466345546,0,0.9784655230351628
2018-02-01Arizona_St,0,1,0.6240876300456866,1,0.6229233972511825,1,0.6385542168674698,0,0.6342864376342119,1,0.9790503525217342
2018-02-01Arkansas_St,0,0,0.7177965673179976,0,0.5466238498000096,0,0.5060240963855421,0,0.7956474037168043,1,0.9986032753988442
2018-02-01Austin_Peay,1,0,0.5419324466160816,1,0.5543554753580957,0,0.5120481927710844,0,0.8056154014840301,1,0.999998848778311
2018-02-01Belmont,1,1,0.59833275618505,0,0.5002747921139402,1,0.7409638554216867,0,0.6417822653968781,1,0.9998902261776779
2018-02-02Brown,0,0,0.6551170607777006,0,0.6758260940412879,1,0.5481927710843374,0,0.7042264042649867,0,0.9856322763029158
2018-02-03AR_Lit_Rock,0,0,0.5744719222801993,1,0.5231000687757327,0,0.5180722891566265,0,0.7403055133981258,1,0.9999668616574465
2018-02-03Air_Force,0,1,0.5200529777039602,1,0.5232033002070207,1,0.5120481927710844,0,0.9375827171388664,1,0.9999766019886956
2018-02-03Akron,0,0,0.7439397098493065,0,0.579989738088958,0,0.6204819277108434,0,0.6900543797415111,1,0.9999869088037793
2018-02-03Alabama,1,1,0.619464310510937,1,0.5631598982252345,1,0.608433734939759,1,0.6498880212548553,1,0.9995560899617935
2018-02-03App_State,1,1,0.5734378909963745,1,0.5997523431226934,0,0.5120481927710844,0,0.6276611160586288,1,0.9998816770275208
2018-02-03Arizona,0,1,0.6130247229743025,1,0.533316360694833,1,0.6024096385542169,1,0.731090283596498,1,0.9999068610925576
2018-02-03Arkansas,0,1,0.519995656751481,1,0.6225284911965734,1,0.5421686746987951,0,0.8846846833704893,1,0.9996836129998222
2018-02-03Arkansas_St,1,0,0.6033429893241522,0,0.5528892372020466,0,0.5180722891566265,0,0.8660009496660361,1,0.9985205775003603
2018-02-03Auburn,1,0,0.6709510599199867,0,0.6095331267587418,0,0.7951807228915663,1,0.5143664485689222,1,0.948737506260124
2018-02-03Austin_Peay,1,0,0.6872992641530882,0,0.5223548115758461,0,0.6265060240963856,0,0.818144139522475,1,0.9999997574612525
2018-02-03Ball_State,0,1,0.5,1,0.6672114829100511,1,0.5903614457831325,1,0.6640520934481955,1,0.9983283897461416
2018-02-03Baylor,1,0,0.626740493423506,0,0.5625432300506781,0,0.5963855421686747,0,0.7854474060112484,1,0.9985259887811476
2018-02-03Belmont,1,1,0.6654459773829378,1,0.704613271164241,1,0.6807228915662651,1,0.52075271780583,1,0.9991289713132631
2018-02-03Boise_State,1,0,0.6502517547256348,0,0.5484744959077397,0,0.6385542168674698,0,0.7019029459951701,1,0.9722465381337985
2018-02-03Bowling_Grn,1,0,0.5580644644115766,1,0.509423915327592,1,0.572289156626506,0,0.7889763761908049,1,0.5029028641939788
2018-02-03Bradley,0,1,0.5,0,0.5715659141932683,0,0.536144578313253,1,0.9085266716014986,1,0.999862410733531
2018-02-03Brown,1,0,0.7807917612471008,0,0.6664774226016524,0,0.6204819277108434,0,0.9232063487453278,1,0.9736032086241477
2018-02-04Arizona_St,1,0,0.6000565346509988,1,0.5437932169308747,0,0.5180722891566265,1,0.5732394776275911,1,0.9998285068277036
2018-02-04Boston_Col,1,1,0.7663110055168632,1,0.7420647798292794,1,0.7228915662650602,0,0.5868084777020072,1,0.9993260475292478
2018-02-05Bucknell,0,0,0.6628756073968737,0,0.5389655888901177,0,0.7048192771084337,0,0.7172297766043192,1,0.959653285668768
2018-02-06Air_Force,1,1,0.5382602486009358,0,0.5890986544474255,0,0.6626506024096386,0,0.7106533940952073,1,0.9756532419486864
2018-02-06Akron,0,0,0.5939541286156391,0,0.5093494821549522,0,0.5843373493975904,0,0.5558960549790379,1,0.8650560768680796
2018-02-06Alabama,0,1,0.7517567177372362,1,0.7581860244127387,1,0.6265060240963856,1,0.7579993551066398,1,0.9998464945699947
2018-02-06Arkansas,1,1,0.630234495035783,1,0.5848567789971922,0,0.6506024096385542,1,0.539162065656136,0,0.9834018009879186
2018-02-06Ball_State,1,0,0.5129067915866128,0,0.5510214509989847,0,0.5180722891566265,1,0.6111458723887713,0,0.9963060456610585
2018-02-06Baylor,1,1,0.7090697133405744,1,0.6710507809090464,1,0.536144578313253,0,0.8644258758623817,1,0.9998403793309409
2018-02-06Boise_State,1,0,0.5660676819340579,0,0.6071042159681699,1,0.5662650602409639,0,0.5039572687404406,1,0.9999101339052628
2018-02-06Boston_Col,0,1,0.5683534849810638,1,0.6229130939935601,1,0.5662650602409639,0,0.702392860403365,1,0.9995882345439744
2018-02-06Bowling_Grn,0,0,0.514852265258908,1,0.5265971986190553,1,0.6024096385542169,0,0.7927998507852762,0,0.9749045370502851
2018-02-07Auburn,0,0,0.5559794042796375,1,0.6912645473445784,0,0.6385542168674698,0,0.7395090016187467,1,0.9942356495513603
2018-02-07Bradley,0,0,0.61222019501614,1,0.5297499434271759,1,0.536144578313253,1,0.8608120341319496,1,0.9999999951471097
2018-02-08AR_Lit_Rock,0,0,0.5518903959449302,1,0.5868503385225321,1,0.5481927710843374,1,0.6753269508658977,1,0.9999989977454464
2018-02-08Albany,0,1,0.5805198734710707,1,0.548076874693172,1,0.5963855421686747,0,0.5335473245343907,1,0.9865549208352363
2018-02-08Arizona,0,0,0.7576442059717343,0,0.5984026011590957,0,0.6927710843373494,1,0.7214944789018112,1,0.999861610616421
2018-02-08Arizona_St,1,1,0.5751297033997851,1,0.6545349981569212,1,0.5481927710843374,0,0.5755323264558053,0,0.7354400908931221
2018-02-08Arkansas_St,0,1,0.550069185011371,1,0.5913441683024018,1,0.572289156626506,0,0.9437472902424404,1,0.9999998956365779
2018-02-08Austin_Peay,0,0,0.56647365083183,1,0.5699631516803598,0,0.5240963855421686,0,0.9861143062004869,1,0.9999477494040044
2018-02-08Belmont,0,1,0.5667676464170263,1,0.5913119180387274,1,0.6987951807228916,1,0.7396960414038191,1,0.9999915702391283
2018-02-08Bryant,0,0,0.5662403231818408,1,0.6149518637568596,0,0.6686746987951807,0,0.9633279710403082,1,0.9994503276954656
2018-02-09Ball_State,1,1,0.5079140312712637,1,0.5451876785460489,1,0.5783132530120482,0,0.5450116811936658,0,0.8630748724808902
2018-02-09Brown,0,0,0.6471702012279835,0,0.7068719767791849,0,0.7048192771084337,1,0.5946030020377174,0,0.9912271791747217
2018-02-10AR_Lit_Rock,0,0,0.5336965844193483,1,0.6045623007592366,0,0.5060240963855421,0,0.8840741559740374,1,0.99999985465328
2018-02-10Air_Force,1,0,0.7762946506664052,0,0.7208394258329865,0,0.608433734939759,0,0.7882595413219855,1,0.9999048503795096
2018-02-10Akron,1,0,0.5848137716104462,0,0.5705413873921079,0,0.5963855421686747,0,0.7439431907380659,0,0.9835630110770143
2018-02-10Alabama,1,0,0.7210645479980434,0,0.5201976930711218,0,0.6807228915662651,1,0.5585151712427001,1,0.9995322142783719
2018-02-10App_State,1,1,0.5258670236223634,1,0.6019399707593821,0,0.5421686746987951,0,0.6174533443572523,1,0.9992804618330037
2018-02-10Arizona,1,0,0.6014965343362121,0,0.5015786407466039,0,0.5843373493975904,1,0.6178483330439627,1,0.9968915685102346
2018-02-10Arizona_St,1,0,0.6818186429648174,0,0.614984822144488,0,0.5963855421686747,0,0.5686262872766256,1,0.7642554437920106
2018-02-10Arkansas,1,0,0.7445478562261282,0,0.7226990706955402,0,0.7771084337349398,0,0.7511513779802009,1,0.9788806522581076
2018-02-10Arkansas_St,0,0,0.5198506726311529,1,0.5744605609678598,1,0.572289156626506,1,0.5514922184028235,1,0.9997514564766451
2018-02-10Auburn,1,1,0.64090735323256,1,0.6603251971195647,1,0.5180722891566265,1,0.640669786997333,1,0.9999238864358854
2018-02-10Austin_Peay,1,0,0.5720775671678316,1,0.5940396158401778,1,0.5301204819277109,0,0.7576722969576924,1,0.9999985275046592
2018-02-10Baylor,1,0,0.6613926591236697,0,0.5043421464368236,0,0.536144578313253,0,0.6900075559723556,1,0.9998737987420819
2018-02-10Belmont,1,1,0.6420333716747809,1,0.702231762709646,1,0.7349397590361446,1,0.7070551853601831,1,0.9994864839356666
2018-02-10Boise_State,0,1,0.5,0,0.6468574998435214,1,0.6746987951807228,0,0.7053305176982537,1,0.999948988076561
2018-02-10Boston_Col,1,1,0.5379738827961338,0,0.6011543217099996,1,0.5421686746987951,0,0.9721248282185102,1,0.6229049648254934
2018-02-10Bowling_Grn,1,1,0.5889044759024881,1,0.5682052538767757,1,0.6686746987951807,0,0.77048792586852,1,0.9993029488203301
2018-02-10Brown,1,0,0.629831956947238,0,0.5922635099492181,0,0.5903614457831325,0,0.8819821113898483,1,0.8153319923666623
2018-02-11Bradley,0,0,0.5672451032345571,1,0.5296757439135358,0,0.572289156626506,1,0.6625638271543715,1,0.9999601068678269
2018-02-12Baylor,1,1,0.7111137671988834,1,0.8283085196140594,1,0.6686746987951807,0,0.5967437899649706,1,0.9999940259666799
2018-02-12Bucknell,1,1,0.6458346786870073,1,0.5435623867005619,1,0.6927710843373494,0,0.6998152719797892,0,0.999297731479941
2018-02-13Akron,0,0,0.66969779008882,0,0.5496982885755519,0,0.5602409638554217,0,0.6971496253233652,0,0.9693760946252558
2018-02-13Alabama,1,0,0.7520807579317889,0,0.6079738029162789,0,0.6686746987951807,1,0.804407096597624,1,0.999361369836076
2018-02-13Arkansas,1,1,0.5659554787959999,1,0.6006579232146974,0,0.5180722891566265,0,0.7208403630887305,1,0.9965875107099708
2018-02-13Ball_State,1,0,0.5662077053168748,0,0.5428490401054843,1,0.5963855421686747,0,0.5250146005769212,1,0.9935393252363243
2018-02-13Boston_Col,1,0,0.6248503358716306,0,0.6460735600856455,0,0.5481927710843374,1,0.5471779985855675,1,0.9999938623398245
2018-02-13Bowling_Grn,1,0,0.5605166070833112,0,0.53277004899368,1,0.5,0,0.5154054981182659,1,0.8217934703525988
2018-02-14Air_Force,0,1,0.5362916233392007,1,0.5627969628739216,0,0.5301204819277109,0,0.9079387239878302,1,0.9999942126443415
2018-02-14Auburn,1,1,0.5,0,0.5102468611492244,0,0.608433734939759,0,0.8712283781661474,0,0.9995012018375798
2018-02-14Boise_State,0,0,0.7879514757894044,0,0.6418239466840628,0,0.6987951807228916,1,0.8478413348282182,1,0.8073939849581474
2018-02-14Bradley,1,1,0.67920622167861,1,0.5516597112087982,1,0.608433734939759,0,0.5425634764669338,1,0.995450098119188
2018-02-15App_State,0,0,0.6206467255967963,0,0.5911495130543918,1,0.536144578313253,1,0.5264261264205092,0,0.9752909042574683
2018-02-15Arizona,1,0,0.5739993521254099,0,0.5955195544709694,0,0.6144578313253012,1,0.5228523313549607,1,0.9572417170782095
2018-02-15Arizona_St,0,0,0.6147452582378629,0,0.5288699968130858,0,0.5903614457831325,0,0.9621415450935018,0,0.9749244004451323
2018-02-15Austin_Peay,0,1,0.5787170197108001,0,0.541400686442968,1,0.5662650602409639,0,0.5385636012552459,1,0.9629293243350546
2018-02-15Belmont,1,0,0.7001316184337418,0,0.5536998630963272,0,0.7108433734939759,1,0.9587436798900978,1,0.9999208352296426
2018-02-16Bowling_Grn,0,1,0.5101720539257103,1,0.5047451197661367,1,0.5481927710843374,0,0.9098286455655791,0,0.8644291221700313
2018-02-16Brown,0,0,0.6325510978574274,1,0.5201997326641414,1,0.5120481927710844,0,0.7091587244806454,1,0.9883011038724706
2018-02-17AR_Lit_Rock,1,1,0.5,1,0.7030943805351684,1,0.5301204819277109,0,0.9192518334827298,1,0.999999967648089
2018-02-17Air_Force,0,0,0.5147695760176384,1,0.5474110040608889,1,0.5421686746987951,0,0.9143432303909124,1,0.9996808059826099
2018-02-17Akron,0,1,0.6473229241500795,1,0.679385285456592,1,0.5301204819277109,0,0.8101630139805056,1,0.9997294605373597
2018-02-17Alabama,0,1,0.7586196704633847,1,0.7259207761846185,1,0.6445783132530121,1,0.6217129811358539,1,0.9952420635181846
2018-02-17App_State,1,0,0.5553701423290438,0,0.577739156994169,0,0.608433734939759,1,0.7042027168181599,1,0.9937821951106216
2018-02-17Arkansas,1,0,0.5256680728758877,1,0.6628850495012797,1,0.5481927710843374,0,0.89436855178641,1,0.9908663046536564
2018-02-17Arkansas_St,0,0,0.7394735868572224,0,0.6579382059411036,0,0.6385542168674698,1,0.7290096163174609,1,0.9996882786770566
2018-02-17Auburn,0,1,0.6682964178659897,1,0.6982558230675149,1,0.6445783132530121,0,0.6320924720077091,0,0.6110189852472905
2018-02-17Austin_Peay,1,1,0.6083362103209785,0,0.5442970206859359,1,0.6445783132530121,0,0.8869753693861903,1,0.9990223869128892
2018-02-17Ball_State,1,0,0.644238059589219,0,0.535664810859748,0,0.536144578313253,1,0.7774342041803455,1,0.9999166763854529
2018-02-17Baylor,1,1,0.541917524147405,1,0.5539808524652493,1,0.5060240963855421,0,0.6805874856388292,0,0.7015977359490206
2018-02-17Belmont,1,0,0.5191018077340994,1,0.6213911020216438,1,0.5421686746987951,1,0.5569176098258405,1,0.9996163795232598
2018-02-17Boise_State,1,0,0.817876338488993,0,0.6730993380736563,0,0.7530120481927711,1,0.9552407156176137,1,0.9955978562158648
2018-02-17Boston_Col,0,1,0.5822839362486021,1,0.537449658933371,1,0.5542168674698795,0,0.7882972188058164,1,0.9995248169498351
2018-02-17Boston_U,0,1,0.5300220469556246,1,0.7448719708422504,1,0.5843373493975904,0,0.8032673257629674,1,0.9390271092402525
2018-02-17Bowling_Grn,0,0,0.5191102296145653,0,0.5393966742125187,1,0.536144578313253,0,0.9269867100382922,0,0.8859409764634075
2018-02-17Bradley,0,0,0.5290971599642982,1,0.5386144928412792,0,0.572289156626506,1,0.7508189014257445,1,0.9997469885014366
2018-02-17Brown,0,0,0.6218083613180533,1,0.6947903377586383,0,0.572289156626506,0,0.7651572769138288,1,0.999997172313321
2018-02-19Alabama_St,1,1,0.7591653111694552,0,0.528087671196575,1,0.608433734939759,1,0.537949532899576,1,0.5748181777731186
2018-02-19Alcorn_State,0,0,0.7884543205372437,1,0.670105030863518,0,0.7228915662650602,1,0.7257468837942173,1,0.9999999982975867
2018-02-20Akron,1,1,0.5600975826839255,1,0.6150144247990289,0,0.6024096385542169,0,0.6076075543342947,1,0.999825692121228
2018-02-20Arkansas,0,1,0.6887510660264169,1,0.5716823537982704,1,0.5421686746987951,0,0.9138955657422446,0,0.9972370554973715
2018-02-20Ball_State,1,1,0.5080105357657564,0,0.5497271203962839,0,0.5542168674698795,1,0.7313679134565908,0,0.8427682347474067
2018-02-20Baylor,0,1,0.6641155413806624,1,0.6040669540334257,1,0.572289156626506,0,0.7534078369830777,1,0.999861395155835
2018-02-20Boston_Col,0,0,0.7026624143397802,0,0.678620109518906,0,0.6445783132530121,0,0.8846142829486181,1,0.6208383885334785
2018-02-20Bowling_Grn,0,0,0.5804728503125398,0,0.5481871525180154,1,0.5,1,0.5409699240947144,1,0.9994372100990655
2018-02-21Air_Force,0,0,0.5548256341739669,0,0.5394965293396611,1,0.5060240963855421,0,0.9459531153549304,1,0.815390653941379
2018-02-21Alabama,0,1,0.809381987906308,1,0.6464083672398678,1,0.6987951807228916,0,0.8421045513186096,1,0.691283788164743
2018-02-21Auburn,1,0,0.680791832984717,0,0.6846025172103657,0,0.5843373493975904,0,0.8990856833733544,0,0.9240046795302251
2018-02-21Boise_State,1,1,0.7003066807883715,1,0.7757503202838977,1,0.7349397590361446,0,0.8608280441916469,1,0.9999750084105455
2018-02-21Bradley,1,1,0.5646172844672595,1,0.726478662610376,1,0.5180722891566265,0,0.6582246429643501,1,0.9999999158182904
